Contract ID,Bid Days,Time Type,Start Date,Accepted Date,Days Charged
C12287,396,WORK DAYS,20020923,20061110,412
C12304,120,WORK DAYS,20010212,20011031,74
C12305,100,WORK DAYS,20010806,20020429,105
C12306,80,WORK DAYS,20010521,20011016,80
C12658,250,WORK DAYS,19990816,20001102,242
C12685,90,WORK DAYS,20010115,20010625,88
C12694,35,WORK DAYS,20000426,20020509,69
C12710,350,WORK DAYS,20011130,20031015,324
C13074,50,WORK DAYS,20000710,20010830,71
C13076,290,WORK DAYS,20031125,20050926,326
C13083,40,WORK DAYS,20000710,20030423,44
C13085,90,WORK DAYS,20010709,20020903,149
C11795R,95,WORK DAYS,19980810,19990827,93
C11805,343,FIXED COMPLETION DATE,20000824,20010801,227
C11825R,280,WORK DAYS,19990223,20000816,314
C11835,1081,CALENDAR DAYS,19981130,20031031,841
C12021,100,WORK DAYS,20030401,20031003,98
C12022,120,WORK DAYS,20040517,20041215,122
C12023,150,WORK DAYS,20000330,20010119,180
C12053,60,WORK DAYS,19980722,19990505,72
C12519S,80,WORK DAYS,20010501,20020225,80
C12522,270,WORK DAYS,20000918,20011015,272
C12523,270,WORK DAYS,20011001,20030509,270
C12524,220,WORK DAYS,20010607,20020819,236
C12877,80,WORK DAYS,20000522,20010413,85
C12880,184,FIXED COMPLETION DATE,20000301,20010313,8
C12963,390,WORK DAYS,20000315,20030117,427
C12966,150,WORK DAYS,20040920,20051027,157
C11266,1072,FIXED COMPLETION DATE,19970818,20000825,121
C11319,80,WORK DAYS,19960701,19961218,86
C11334R,25,WORK DAYS,19970902,19971030,7
C12056,820,CALENDAR DAYS,20001010,20030916,761
C12109,110,WORK DAYS,19990518,20010621,127
C12116,70,WORK DAYS,19980526,20011029,90
C12124,110,WORK DAYS,20020419,20030703,141
C12534,270,WORK DAYS,20010821,20040602,250
C12541,1150,CALENDAR DAYS,20000905,20020713,717
C12542,1004,CALENDAR DAYS,20001002,20050408,1311
C12548,80,WORK DAYS,20020506,20030507,207
C12969,90,WORK DAYS,20000324,20001121,17
C12970,100,WORK DAYS,20000601,20010618,143
C12982,240,WORK DAYS,20000501,20041201,484
C13008,80,WORK DAYS,20010409,20011220,94
C11352,82,FIXED COMPLETION DATE,19990211,19990521,5
C11478,360,WORK DAYS,19990602,20010330,248
C11487,120,WORK DAYS,19990907,20011113,191
C12146,380,CALENDAR DAYS,19990802,20020829,1128
C12153,603,FIXED COMPLETION DATE,20001206,20020823,611
C12154,90,WORK DAYS,20000612,20010720,136
C12168,660,FIXED COMPLETION DATE,20010312,20030228,241
C12567,35,WORK DAYS,20000905,20001204,48
C12583,845,CALENDAR DAYS,20000320,20021122,984
C12589,40,WORK DAYS,19990524,19990901,24
C12602,80,WORK DAYS,19990815,19991109,50
C13009,200,WORK DAYS,20000801,20020927,234
C13017,130,WORK DAYS,20020930,20030716,123
C13018R,100,WORK DAYS,20000807,20010914,109
C13024,198,FIXED COMPLETION DATE,20000425,20000911,6
C11490R,125,WORK DAYS,19971103,20001204,208
C11491,70,WORK DAYS,19970506,19970821,58
C11508,500,CALENDAR DAYS,19970714,19990824,758
C11543,110,WORK DAYS,20000714,20010621,94
C12312,135,WORK DAYS,20000410,20010516,141
C12317,523,FIXED COMPLETION DATE,20000522,20011026,387
C12319,265,WORK DAYS,20010830,20030616,265
C12322R,300,WORK DAYS,20050301,20070731,317
C12711,200,WORK DAYS,20031219,20050104,190
C12713,627,FIXED COMPLETION DATE,20000912,20030131,108
C12718,140,WORK DAYS,20000329,20010509,153
C12719,20,WORK DAYS,20020819,20021121,13
C13086,235,WORK DAYS,20021007,20040219,198
C13087,366,FIXED COMPLETION DATE,20010815,20021028,40
C13092,97,FIXED COMPLETION DATE,20000714,20001024,13
C13094,489,FIXED COMPLETION DATE,20030501,20041104,175
C11838,220,WORK DAYS,19990510,20000713,183
C11846,360,WORK DAYS,19981116,20070208,415
C11848,460,WORK DAYS,20001001,20030619,401
C11849,180,WORK DAYS,20000605,20010706,180
C12324,345,WORK DAYS,20030908,20050916,356
C12359,180,WORK DAYS,19990907,20000922,174
C12362,45,WORK DAYS,20000918,20010710,53
C12369,960,CALENDAR DAYS,20031215,20080630,987
C12727,50,WORK DAYS,20000918,20010418,79
C12731,135,FIXED COMPLETION DATE,20000519,20001031,44
C12737,50,WORK DAYS,20000724,20010608,63
C12761,112,WORK DAYS,20020722,20030716,161
C13096,95,WORK DAYS,20000607,20010628,104
C13104,60,WORK DAYS,20000606,20010508,67
C13106,30,WORK DAYS,20010625,20010801,29
C13108,60,WORK DAYS,20010907,20020612,51
C11850,250,WORK DAYS,19981207,20011215,282
C11861,218,FIXED COMPLETION DATE,20000414,20010611,18
C11865,300,WORK DAYS,19991130,20010730,311
C11911,120,WORK DAYS,20010521,20020830,146
C12379,150,WORK DAYS,20010523,20020516,173
C12380,175,WORK DAYS,20011024,20020919,187
C12389,45,WORK DAYS,20000612,20001120,46
C12390,400,WORK DAYS,20011107,20030702,396
C12762,50,WORK DAYS,20010331,20020228,45
C12768,53,FIXED COMPLETION DATE,20000926,20010611,9
C12778,95,WORK DAYS,20010604,20011029,100
C12793R,271,FIXED COMPLETION DATE,20010925,20020612,15
C10592,128,WORK DAYS,19990412,20010322,178
C10605,650,CALENDAR DAYS,19970106,20000622,702
C10677,220,WORK DAYS,19991117,20020429,208
C10700,75,CALENDAR DAYS,19980615,19990802,163
C11918,380,WORK DAYS,19980622,20010615,487
C11923,135,WORK DAYS,19990527,20011203,152
C11925,680,WORK DAYS,20011119,20050506,699
C11931,303,WORK DAYS,19980803,20000607,372
C12399,60,WORK DAYS,20000912,20011009,93
C12401,80,WORK DAYS,20010430,20020423,114
C12404,80,WORK DAYS,20020911,20030613,81
C12405,30,WORK DAYS,20010529,20011218,53
C12801,45,WORK DAYS,20010501,20010921,53
C12803,150,WORK DAYS,20030929,20050214,187
C12811,85,WORK DAYS,20050404,20050913,93
C12813,45,WORK DAYS,19990816,20000302,68
C10717,90,CALENDAR DAYS,19960325,20010415,293
C10785,150,WORK DAYS,20001031,20021212,145
C10786,180,WORK DAYS,20000315,20010110,181
C10827,465,CALENDAR DAYS,19970313,19981210,465
C11951,700,CALENDAR DAYS,19981207,20010720,961
C11955,446,FIXED COMPLETION DATE,20010326,20021104,424
C11959,300,WORK DAYS,20000403,20020211,284
C11964,705,WORK DAYS,20001211,20040728,716
C12391,200,WORK DAYS,20010927,20030127,208
C12393,130,WORK DAYS,20010312,20011023,127
C12394,200,WORK DAYS,20020415,20031014,212
C12395,100,WORK DAYS,20030519,20040121,113
C12794,311,FIXED COMPLETION DATE,20031009,20040814,149
C12797,380,FIXED COMPLETION DATE,20040513,20050610,78
C12798,75,WORK DAYS,20020311,20020801,71
C12800R,333,FIXED COMPLETION DATE,20021210,20031212,50
C10840,215,FIXED COMPLETION DATE,19990301,19991112,10
C10942,85,WORK DAYS,19950814,19960827,109
C11041,375,WORK DAYS,19970512,20021028,619
C11932,520,WORK DAYS,19980616,20021230,538
C11942,265,WORK DAYS,19981103,20011101,336
C11944R,250,WORK DAYS,19990510,20021220,350
C12414,180,WORK DAYS,20000912,20010921,139
C12418,250,WORK DAYS,20040304,20070117,247
C12421,120,WORK DAYS,20030623,20040519,112
C12460,441,FIXED COMPLETION DATE,20040216,20060928,22
C12635,532,FIXED COMPLETION DATE,20011031,20021025,47
C12815R,126,FIXED COMPLETION DATE,20010126,20010604,131
C12829,160,WORK DAYS,20011107,20021101,177
C12833,95,WORK DAYS,20030923,20040729,112
C12834,250,WORK DAYS,20020729,20031110,241
C10028,30,WORK DAYS,19930706,19931019,30
C10165,10,WORK DAYS,19940622,19940901,13
C11970,305,WORK DAYS,19990706,20010622,330
C11982,45,WORK DAYS,19980621,20011019,62
C11985,110,WORK DAYS,20010212,20011003,116
C12475,180,CALENDAR DAYS,20020813,20031009,270
C12482,450,CALENDAR DAYS,19991214,20010718,451
C12487,150,WORK DAYS,20020301,20030711,153
C12489,180,CALENDAR DAYS,20010625,20020401,162
C12844,150,CALENDAR DAYS,20000522,20010507,281
C12847,340,WORK DAYS,20001115,20020927,335
C12851,640,CALENDAR DAYS,20001026,20021224,785
C12858,220,WORK DAYS,20001003,20011109,239
C10309,100,WORK DAYS,19970901,19991008,177
C10506,310,WORK DAYS,19970303,19990908,450
C10511,50,WORK DAYS,19940718,19960515,64
C10575,473,FIXED COMPLETION DATE,19970616,19990319,287
C11989R,80,WORK DAYS,19991108,20000919,85
C11990,110,WORK DAYS,20010430,20011026,113
C11994,40,WORK DAYS,20000626,20020813,131
C12008,495,CALENDAR DAYS,19990119,20010525,504
C12605,180,WORK DAYS,20021016,20031114,182
C12606,180,WORK DAYS,20030924,20041027,189
C12609,90,WORK DAYS,20020529,20021121,116
C12614,565,CALENDAR DAYS,20010830,20041102,320
C13025,40,WORK DAYS,20000530,20000706,23
C13028,150,WORK DAYS,20000802,20010707,172
C13034,80,WORK DAYS,20000605,20000515,137
C13048,110,WORK DAYS,20000329,20010606,147
C11581,180,CALENDAR DAYS,20000615,20010105,184
C11582,430,WORK DAYS,20001127,20030124,483
C11588,370,WORK DAYS,19991207,20010615,354
C11597,100,CALENDAR DAYS,20030414,20030806,101
C12183,434,CALENDAR DAYS,19991004,20010626,636
C12188,160,WORK DAYS,19980908,20000616,183
C12189,30,WORK DAYS,19991001,20000323,36
C12190,260,WORK DAYS,19990318,20030108,264
C12622,90,WORK DAYS,20030221,20040723,98
C12631,10,WORK DAYS,19991129,20000315,7
C12632,180,CALENDAR DAYS,20000228,20010105,194
C13050,140,FIXED COMPLETION DATE,20000615,20001120,8
C13051,100,WORK DAYS,20000410,20011204,119
C13052,86,FIXED COMPLETION DATE,20000921,20001216,45
C13054,87,FIXED COMPLETION DATE,20010613,20010921,12
C11624,120,WORK DAYS,19990614,20010824,116
C11641,19,FIXED COMPLETION DATE,19990913,20000209,5
C11691,105,WORK DAYS,19990210,20001212,136
C11707,190,WORK DAYS,20000508,20010608,237
C12211,325,WORK DAYS,19990405,20010831,375
C12237,118,FIXED COMPLETION DATE,19990405,19990805,6
C12238,485,FIXED COMPLETION DATE,20010202,20020703,63
C12257R,45,WORK DAYS,20000501,20010607,44
C12495,110,WORK DAYS,20010828,20020513,94
C12501,425,CALENDAR DAYS,19990809,20071226,525
C12507,150,WORK DAYS,20010910,20020507,124
C12512,133,CALENDAR DAYS,20040322,20040730,76
C12859,279,FIXED COMPLETION DATE,20020726,20030820,163
C12862,60,WORK DAYS,20050221,20050623,76
C12864,75,WORK DAYS,20020722,20030115,46
C12869,70,WORK DAYS,20001117,20010830,101
C11180-ALT,260,WORK DAYS,19970519,20001101,326
C11182,60,CALENDAR DAYS,19990510,20000509,121
C11202,260,WORK DAYS,19980129,19991119,362
C11210,105,WORK DAYS,20030414,20031006,114
C12014S,45,WORK DAYS,19990715,19991118,45
C12017,355,FIXED COMPLETION DATE,19990830,20001004,83
C12018,130,WORK DAYS,20001023,20020522,147
C12019,150,WORK DAYS,20010213,20011002,157
C12636,794,FIXED COMPLETION DATE,20000714,20020830,597
C12638,500,CALENDAR DAYS,20010716,20030903,719
C12644,290,WORK DAYS,20010312,20030508,312
C13055,55,WORK DAYS,20000424,20010713,89
C13057,65,WORK DAYS,20000626,20000920,44
C13066,100,WORK DAYS,20020807,20031125,131
C13072,30,WORK DAYS,20000606,20001222,25
C11723,240,WORK DAYS,20040901,20050901,160
C11729,95,WORK DAYS,20021101,20030807,93
C11730,220,WORK DAYS,20001204,20030522,249
C11776,125,WORK DAYS,19980720,20030609,227
C12270,1877,FIXED COMPLETION DATE,20000912,20050927,195
C12271,578,FIXED COMPLETION DATE,20000502,20020429,77
C12278,160,WORK DAYS,20020607,20031205,176
C12280,280,CALENDAR DAYS,19990823,20010601,446
C13433R,10,WORK DAYS,20010320,20010918,7
C13434,80,WORK DAYS,20020625,20021008,54
C13435,160,FIXED COMPLETION DATE,20020509,20030627,34
C13436,100,WORK DAYS,20010718,20011221,101
C13573,340,WORK DAYS,20020603,20031031,312
C13574,660,CALENDAR DAYS,20030331,20050401,675
C13578,308,CALENDAR DAYS,20021202,20031003,306
C13591,180,WORK DAYS,20010924,20021023,189
C14313,45,WORK DAYS,20030825,20031104,45
C14619,50,WORK DAYS,20050418,20051101,49
C14621,30,WORK DAYS,20050801,20050914,31
C14623,60,WORK DAYS,20050601,20051117,58
C13326,40,WORK DAYS,20010625,20010830,32
C13210,110,CALENDAR DAYS,20010416,20010810,107
C13211,130,WORK DAYS,20010402,20010725,50
C13212,90,WORK DAYS,20010220,20021022,116
C13216,170,WORK DAYS,20041004,20061026,174
C13437,60,WORK DAYS,20010702,20011024,71
C13438,75,WORK DAYS,20010608,20010926,76
C13439,120,WORK DAYS,20020426,20021206,135
C13440,75,WORK DAYS,20010430,20011012,78
C13712,90,WORK DAYS,20030603,20040630,104
C13713,90,WORK DAYS,20020415,20021127,131
C13714,120,WORK DAYS,20020603,20030711,13
C13716,60,WORK DAYS,20021104,20031028,38
C14687,247,FIXED COMPLETION DATE,20050128,20051104,74
C14992,50,WORK DAYS,20050121,20050425,48
C14993,25,WORK DAYS,20050201,20050308,22
C15007,40,WORK DAYS,20050601,20050927,36
C13218,110,WORK DAYS,20030610,20031017,90
C13219,50,WORK DAYS,20010514,20020124,50
C13227,395,FIXED COMPLETION DATE,20010801,20020913,214
C13228,255,WORK DAYS,20020605,20041001,320
C13496R,45,WORK DAYS,20041004,20050630,67
C13498R,90,WORK DAYS,20010815,20020820,90
C13499,40,WORK DAYS,20010612,20011116,58
C13729,102,FIXED COMPLETION DATE,20020321,20020630,11
C13733,220,WORK DAYS,20020828,20031224,223
C13734,25,WORK DAYS,20010904,20011023,29
C13735,65,WORK DAYS,20020401,20021210,65
C14736,140,WORK DAYS,20040601,20041217,93
C13945,73,FIXED COMPLETION DATE,20020515,20021031,77
C13946,199,FIXED COMPLETION DATE,20020501,20030312,89
C13950,60,WORK DAYS,20021022,20030415,58
C13229R,499,FIXED COMPLETION DATE,20020716,20031205,19
C13240,532,FIXED COMPLETION DATE,20000518,20020219,44
C13242,60,WORK DAYS,20010402,20020124,60
C13500-ALT,480,CALENDAR DAYS,20040217,20060731,694
C13501,452,FIXED COMPLETION DATE,20030304,20050512,65
C13503,131,FIXED COMPLETION DATE,20020205,20020815,88
C13504,135,FIXED COMPLETION DATE,20020201,20021031,58
C13736,130,WORK DAYS,20011029,20020701,133
C13751,60,WORK DAYS,20021213,20040818,8
C13756,60,WORK DAYS,20020128,20030114,88
C13761,32,WORK DAYS,20020816,20030618,38
C14573,226,FIXED COMPLETION DATE,20040318,20050114,14
C14806,90,WORK DAYS,20040412,20051119,67
C14814,45,WORK DAYS,20050307,20050509,39
C14817,120,WORK DAYS,20040530,20050621,137
C13380,110,CALENDAR DAYS,20020425,20030107,36
C13327,20,WORK DAYS,20010618,20010716,15
C13328,20,WORK DAYS,20010412,20010507,12
C13330,30,WORK DAYS,20010402,20010515,30
C13505,65,WORK DAYS,20010504,20011119,85
C13506R,120,WORK DAYS,20050318,20060519,119
C13507,205,WORK DAYS,20020729,20031124,265
C13510,120,WORK DAYS,20010108,20010827,112
C13790,140,WORK DAYS,20020311,20020912,89
C13791,155,WORK DAYS,20020401,20021016,137
C13792,65,WORK DAYS,20020426,20020628,65
C13793,100,WORK DAYS,20020305,20030113,139
C14624,50,WORK DAYS,20050531,20050907,58
C14851-ALT,60,WORK DAYS,20050128,20050624,54
C14889,90,WORK DAYS,20050110,20051006,100
C14895,25,WORK DAYS,20040830,20050406,32
C13333,113,FIXED COMPLETION DATE,20030910,20040107,122
C13337,199,FIXED COMPLETION DATE,20010411,20011105,87
C13338,144,FIXED COMPLETION DATE,20010501,20010806,66
C13340,110,WORK DAYS,20020415,20021219,114
C13520,25,WORK DAYS,20010323,20010517,28
C13522,140,WORK DAYS,20030314,20031016,142
C13523,169,FIXED COMPLETION DATE,20020412,20021017,6
C13525,20,WORK DAYS,20010416,20010509,16
C13775,60,WORK DAYS,20020924,20030702,67
C13785,100,WORK DAYS,20020603,20030531,96
C13786,110,WORK DAYS,20020403,20020719,69
C13788,75,WORK DAYS,20020624,20051115,84
C15017,215,FIXED COMPLETION DATE,20050331,20051130,152
C14201,100,WORK DAYS,20030512,20031027,114
C14202,90,WORK DAYS,20030401,20031208,102
C14203,75,WORK DAYS,20030326,20030924,84
C13341,85,WORK DAYS,20010205,20010918,90
C13342,50,WORK DAYS,20010108,20011108,48
C13344,330,CALENDAR DAYS,20030911,20060131,676
C13346,80,WORK DAYS,20010514,20011221,110
C13513,65,WORK DAYS,20030505,20030925,88
C13516,120,WORK DAYS,20010517,20011220,138
C13517,85,WORK DAYS,20010404,20011201,121
C13518,30,WORK DAYS,20010416,20010629,30
C13797,80,WORK DAYS,20030210,20030730,97
C13800,90,WORK DAYS,20021007,20030815,125
C13803,45,WORK DAYS,20010806,20011120,31
C13804,640,CALENDAR DAYS,20020930,20040909,710
C13109,30,WORK DAYS,20010716,20011101,36
C13112,30,WORK DAYS,20010530,20010629,27
C13115,60,WORK DAYS,20000523,20001025,44
C13117,0,FIXED COMPLETION DATE,20001002,20011130,15
C13351,90,WORK DAYS,20020701,20030509,86
C13352,200,CALENDAR DAYS,20020603,20030912,193
C13353,60,WORK DAYS,20020603,20021018,50
C13354,80,WORK DAYS,20020716,20021112,67
C13472,120,WORK DAYS,20040519,20051007,188
C13528,120,WORK DAYS,20030922,20041231,138
C13529,280,WORK DAYS,20020916,20040305,282
C13531,90,WORK DAYS,20011113,20020826,90
C13534,70,WORK DAYS,20030602,20031015,80
C13805,170,WORK DAYS,20030303,20031023,99
C13817,65,WORK DAYS,20020715,20021111,73
C13818,110,WORK DAYS,20040712,20050616,107
C13822,205,FIXED COMPLETION DATE,20020123,20021126,214
C13150,90,WORK DAYS,20010515,20020128,104
C13152,60,WORK DAYS,20010411,20010723,64
C13153,80,WORK DAYS,20010515,20011012,75
C13154,87,WORK DAYS,20010603,20020417,143
C13347,100,WORK DAYS,20010402,20010907,94
C13348,100,WORK DAYS,20030401,20030731,88
C13349,90,CALENDAR DAYS,20010429,20010717,72
C13350,115,WORK DAYS,20010402,20011001,118
C13535,200,FIXED COMPLETION DATE,20040316,20041006,129
C13537,165,WORK DAYS,20010824,20031022,179
C13538,140,WORK DAYS,20011107,20020626,125
C13539,155,WORK DAYS,20011102,20020617,146
C13868,40,WORK DAYS,20030811,20031027,51
C13869,90,WORK DAYS,20030519,20031219,156
C13876,65,WORK DAYS,20010904,20021007,91
C13879,40,WORK DAYS,20020909,20030116,41
C13121,380,FIXED COMPLETION DATE,20000717,20011011,14
C13130,120,CALENDAR DAYS,20001002,20010703,112
C13131,240,WORK DAYS,20010723,20021204,215
C13147,120,WORK DAYS,20010612,20020719,124
C13298,90,WORK DAYS,20000905,20010906,98
C13356,80,WORK DAYS,20020603,20021219,84
C13357,90,CALENDAR DAYS,20030223,20030925,210
C13358,58,WORK DAYS,20040426,20050609,74
C13592,60,WORK DAYS,20011101,20020327,71
C13594R,144,FIXED COMPLETION DATE,20040611,20050131,182
C13595,40,WORK DAYS,20020508,20021011,34
C13597,144,FIXED COMPLETION DATE,20010612,20011102,37
C13880,65,WORK DAYS,20020412,20020909,61
C13885B,333,FIXED COMPLETION DATE,20040629,20050515,12
C13891,45,WORK DAYS,20021028,20030107,35
C13897,180,WORK DAYS,20030414,20040525,208
C13155,77,WORK DAYS,20010529,20011115,81
C13162,95,WORK DAYS,20010115,20011127,112
C13165,65,WORK DAYS,20010402,20010914,67
C13166,420,WORK DAYS,20040123,20070423,394
C13359,128,WORK DAYS,20040419,20050105,122
C13362,40,WORK DAYS,20020722,20021001,40
C13369,180,WORK DAYS,20011203,20030110,207
C13379,110,FIXED COMPLETION DATE,20020211,20020703,126
C13605,179,FIXED COMPLETION DATE,20050412,20060908,16
C13616,50,WORK DAYS,20010501,20011107,93
C13617,232,FIXED COMPLETION DATE,20020912,20030523,4
C13619,46,FIXED COMPLETION DATE,20011001,20020523,5
C13826,120,FIXED COMPLETION DATE,20020603,20030220,15
C13831,225,WORK DAYS,20021202,20060112,278
C13849,45,WORK DAYS,20020605,20020816,46
C13854,75,WORK DAYS,20030519,20031211,72
C13172,241,FIXED COMPLETION DATE,20010228,20020111,10
C13176,45,WORK DAYS,20001016,20020731,79
C13178,330,CALENDAR DAYS,20010730,20030613,366
C13441,85,WORK DAYS,20010625,20020417,80
C13442,45,WORK DAYS,20010507,20010920,49
C13445,110,WORK DAYS,20010627,20020521,104
C13446,40,WORK DAYS,20020922,20031107,26
C13540,380,WORK DAYS,20021127,20050929,390
C13545,90,WORK DAYS,20010904,20020521,89
C13547,365,CALENDAR DAYS,20030407,20040420,377
C13549,80,WORK DAYS,20020708,20021125,80
C13898,180,WORK DAYS,20040805,20051111,226
C13901,102,FIXED COMPLETION DATE,20020321,20020630,17
C13902,102,FIXED COMPLETION DATE,20020321,20020630,20
C13904,89,FIXED COMPLETION DATE,20020403,20020630,1
C13244,261,WORK DAYS,20011112,20030117,295
C13247,120,WORK DAYS,20010219,20010615,46
C13250,60,WORK DAYS,20010813,20020304,64
C13255,35,WORK DAYS,20010103,20011023,69
C13448,45,WORK DAYS,20010813,20020520,75
C13449,120,WORK DAYS,20020417,20021211,121
C13451,80,WORK DAYS,20011107,20030505,77
C13452,100,WORK DAYS,20010220,20010409,26
C13622,422,CALENDAR DAYS,20050104,20070608,517
C13682,196,WORK DAYS,20030602,20050110,220
C13688,55,WORK DAYS,20020109,20020717,59
C13689,100,WORK DAYS,20021119,20040506,103
C13906,80,WORK DAYS,20021021,20031114,129
C13907,256,FIXED COMPLETION DATE,20020204,20021220,143
C13917,70,WORK DAYS,20020828,20030502,62
C13919,172,FIXED COMPLETION DATE,20030701,20040614,9
C13258,40,WORK DAYS,20000905,20001113,45
C13275,200,WORK DAYS,20011107,20021118,223
C13278,180,WORK DAYS,20030210,20040520,225
C13294,311,FIXED COMPLETION DATE,20010925,20021220,78
C13355,60,WORK DAYS,20030131,20031030,76
C13386,274,FIXED COMPLETION DATE,20000901,20010607,59
C13390,620,WORK DAYS,20010226,20040520,545
C13393,750,WORK DAYS,20021216,20080415,811
C13691,201,FIXED COMPLETION DATE,20010625,20020329,28
C13692,35,WORK DAYS,20010716,20010822,24
C13693,46,FIXED COMPLETION DATE,20010917,20011026,8
C13701,25,WORK DAYS,20020408,20020515,16
C13855,80,WORK DAYS,20050121,20051004,89
C13857,120,WORK DAYS,20040506,20041118,129
C13858,95,WORK DAYS,20030512,20040322,120
C13859,76,FIXED COMPLETION DATE,20030401,20030702,55
C13179,150,WORK DAYS,20010116,20020904,153
C13181,60,FIXED COMPLETION DATE,20001023,20010427,40
C13185,160,WORK DAYS,20000515,20010131,162
C13201,90,WORK DAYS,20050620,20051111,89
C13395,20,WORK DAYS,20001113,20001205,13
C13473,60,CALENDAR DAYS,20010219,20010730,48
C13479,247,FIXED COMPLETION DATE,20020211,20031229,183
C13480,650,WORK DAYS,20020819,20050923,655
C13551,124,FIXED COMPLETION DATE,20020701,20021031,97
C13552,355,CALENDAR DAYS,20010618,20020628,372
C13553,365,CALENDAR DAYS,20031014,20041021,366
C13556,70,WORK DAYS,20010618,20011024,67
C13860,342,FIXED COMPLETION DATE,20030108,20041001,157
C13861,45,WORK DAYS,20020419,20020910,46
C13862,37,FIXED COMPLETION DATE,20020826,20021001,3
C13863,45,WORK DAYS,20020325,20020815,70
C13307,45,WORK DAYS,20001127,20010228,45
C13308,262,FIXED COMPLETION DATE,20010314,20011113,6
C13309,672,FIXED COMPLETION DATE,20010301,20011031,42
C13481,50,WORK DAYS,20010529,20010831,57
C13485,150,WORK DAYS,20010917,20020524,185
C13486,333,FIXED COMPLETION DATE,20020805,20030805,51
C13488,621,FIXED COMPLETION DATE,20010910,20050402,64
C13565,40,WORK DAYS,20010514,20010717,45
C13568,245,WORK DAYS,20041001,20060311,235
C13569,70,WORK DAYS,20020830,20031023,68
C13572,129,WORK DAYS,20010618,20020628,97
C13864,201,FIXED COMPLETION DATE,20020515,20021214,8
C13865,65,WORK DAYS,20030602,20030915,65
C13866,55,WORK DAYS,20020528,20021107,81
C13867,19,FIXED COMPLETION DATE,20020610,20020620,4
C13310,687,FIXED COMPLETION DATE,20010214,20011129,14
C13312,90,WORK DAYS,20010510,20020515,122
C13313,184,FIXED COMPLETION DATE,20011030,20031023,204
C13325,85,WORK DAYS,20010402,20010717,82
C13494,45,WORK DAYS,20030707,20030917,43
C13397,35,WORK DAYS,20000816,20000929,31
C13398,112,WORK DAYS,20030429,20031020,117
C13431R,365,CALENDAR DAYS,20010820,20021021,425
C14530,25,WORK DAYS,20030728,20031007,26
C14774,137,FIXED COMPLETION DATE,20040210,20040826,7
C14775,40,WORK DAYS,20040213,20040818,38
C14776R,45,WORK DAYS,20040322,20050630,31
C14560,50,WORK DAYS,20040421,20040628,36
C14787,45,WORK DAYS,20050425,20050914,54
C14795,100,WORK DAYS,20050401,20050831,75
C14798,60,WORK DAYS,20040517,20040810,56
C15150,142,FIXED COMPLETION DATE,20060111,20060526,40
C15077,40,WORK DAYS,20041112,20050822,36
C15162,88,FIXED COMPLETION DATE,20050706,20060424,101
C15164,60,CALENDAR DAYS,20041201,20050502,63
C14267R,60,WORK DAYS,20030628,20040102,55
C14579R,120,WORK DAYS,20041018,20050128,35
C14587,75,WORK DAYS,20040601,20070725,117
C14595,100,WORK DAYS,20030707,20030901,6
C14287,80,WORK DAYS,20030722,20031108,78
C14606R,375,CALENDAR DAYS,20040517,20061204,424
C14609,50,WORK DAYS,20040301,20040716,51
C14610,70,CALENDAR DAYS,20050523,20050730,72
C14304,60,WORK DAYS,20030730,20031021,52
C14612,50,WORK DAYS,20050627,20051028,49
C14613,165,WORK DAYS,20040729,20051201,147
C14616,50,WORK DAYS,20050207,20050518,46
C92413,90,WORK DAYS,19970515,19980528,102
C13487RA,120,WORK DAYS,20070402,20071115,135
C15617,50,WORK DAYS,20060719,20061211,49
C14324,25,WORK DAYS,20040510,20040815,27
C15659R,15,WORK DAYS,20061016,20061108,11
C14368,69,WORK DAYS,20070301,20070917,94
C15370,50,WORK DAYS,20061009,20070809,52
C14632,112,WORK DAYS,20050425,20051109,137
C14948,93,FIXED COMPLETION DATE,20040916,20041220,7
C14950,90,WORK DAYS,20050405,20051116,87
C14951,215,FIXED COMPLETION DATE,20050228,20060811,12
C14661,120,WORK DAYS,20041117,20050627,120
C14954,82,FIXED COMPLETION DATE,20040910,20050114,14
C14974,63,FIXED COMPLETION DATE,20050331,20050531,8
C14980B,93,FIXED COMPLETION DATE,20040830,20050204,12
C15201S,250,WORK DAYS,20060523,20071120,251
C15493,40,WORK DAYS,20051107,20060201,36
C15223,35,WORK DAYS,20050927,20060406,32
C14698,90,WORK DAYS,20050403,20051014,102
C13920,190,WORK DAYS,20020826,20051108,401
C13921,100,WORK DAYS,20020503,20021011,98
C13922,124,FIXED COMPLETION DATE,20030701,20031027,16
C14706,125,WORK DAYS,20040510,20050817,150
C13924,45,WORK DAYS,20030514,20031103,43
C13925,110,WORK DAYS,20020517,20021125,103
C13931,100,WORK DAYS,20020418,20020827,89
C14712,100,WORK DAYS,20050418,20050926,94
C13936,35,WORK DAYS,20020617,20030710,38
C13941R,75,WORK DAYS,20030721,20040806,118
C13942,20,WORK DAYS,20030411,20040113,29
C15366,90,CALENDAR DAYS,20070617,20070914,91
C16034,100,WORK DAYS,20070402,20070924,93
C15326,40,WORK DAYS,20070305,20070518,38
C15669,68,WORK DAYS,20070611,20071002,66
C14759R,35,WORK DAYS,20040607,20040919,41
C13959,50,WORK DAYS,20020805,20021217,64
C13961,51,FIXED COMPLETION DATE,20040823,20041213,10
C13963,60,WORK DAYS,20020617,20030110,66
C14781,60,FIXED COMPLETION DATE,20040727,20050124,75
C13966,50,WORK DAYS,20020904,20021024,29
C13967,449,FIXED COMPLETION DATE,20040324,20050725,327
C13968,240,WORK DAYS,20040709,20060202,262
C14805,45,WORK DAYS,20040811,20050826,50
C13972R,65,WORK DAYS,20030527,20040604,71
C13977,56,WORK DAYS,20040725,20050606,78
C13978,105,WORK DAYS,20030801,20040728,104
C15175,11,WORK DAYS,20050606,20050617,10
C14777,300,WORK DAYS,20060515,20080515,352
C15392,40,WORK DAYS,20060428,20060830,54
C15584,45,WORK DAYS,20060502,20060831,48
C14601,100,WORK DAYS,20030617,20040304,84
C14820,50,WORK DAYS,20040621,20050131,63
C14822,230,WORK DAYS,20041018,20060601,250
C14823R,30,WORK DAYS,20041005,20050815,33
C14939R,20,WORK DAYS,20041103,20050609,15
C14611,60,WORK DAYS,20050509,20050920,61
C14826-ALT,22,WORK DAYS,20040524,20040716,20
C14827R,20,WORK DAYS,20050121,20050524,23
C14828,45,WORK DAYS,20040610,20040929,46
C14618,65,WORK DAYS,20050705,20051003,57
C14832,10,FIXED COMPLETION DATE,20040823,20040902,6
C14833,25,WORK DAYS,20040726,20040806,13
C14849,80,WORK DAYS,20050420,20060809,89
C15107R,458,FIXED COMPLETION DATE,20060719,20071031,136
C15663,50,FIXED COMPLETION DATE,20060807,20061004,61
C15271,45,WORK DAYS,20050627,20060519,65
C15203RB,4,FIXED COMPLETION DATE,20050829,20050916,1
C15072,45,WORK DAYS,20050915,20051122,46
C14141,45,WORK DAYS,20030310,20030516,38
C14145,30,WORK DAYS,20031006,20041130,27
C14146,65,WORK DAYS,20040308,20060113,86
C13923T,180,FIXED COMPLETION DATE,20050217,20051209,80
C14953,17,WORK DAYS,20050201,20050622,11
C14150,50,WORK DAYS,20040712,20050603,56
C14162,45,WORK DAYS,20030915,20040109,57
C14164,245,FIXED COMPLETION DATE,20040301,20041207,17
C14982,25,WORK DAYS,20041122,20050330,26
C14175,60,WORK DAYS,20040105,20040630,55
C14178,60,FIXED COMPLETION DATE,20030602,20031009,4
C14199,35,WORK DAYS,20030401,20030815,56
C13957,50,CALENDAR DAYS,20040503,20040916,61
C14218,45,WORK DAYS,20030512,20030728,56
C14219,90,WORK DAYS,20030527,20030917,73
C14223,132,FIXED COMPLETION DATE,20030601,20040130,61
C14205,80,WORK DAYS,20030505,20031229,94
C14206,40,WORK DAYS,20030327,20031027,51
C14207,65,WORK DAYS,20030401,20040113,75
C13932,50,WORK DAYS,20020602,20021220,80
C14209,60,WORK DAYS,20040517,20050216,74
C14210,140,WORK DAYS,20030728,20040501,155
C14211,60,WORK DAYS,20050328,20050922,66
C13943,247,FIXED COMPLETION DATE,20020617,20021017,36
C14213,145,CALENDAR DAYS,20040503,20041019,167
C14215,75,FIXED COMPLETION DATE,20030818,20040405,16
C14216,45,WORK DAYS,20030421,20030701,50
C14819,65,WORK DAYS,20050601,20060612,61
C13982,62,WORK DAYS,20020610,20020930,63
C13983,40,WORK DAYS,20030308,20030908,34
C13984R,50,WORK DAYS,20021111,20030410,43
C13965,200,WORK DAYS,20030811,20050803,194
C14225,82,FIXED COMPLETION DATE,20021201,20031020,8
C14227,21,WORK DAYS,20030519,20030624,19
C14228,20,WORK DAYS,20030527,20030924,42
C13969,550,CALENDAR DAYS,20031231,20050630,260
C14235,90,WORK DAYS,20030428,20030915,90
C14236,50,WORK DAYS,20030714,20031202,89
C14237,47,WORK DAYS,20040606,20041009,45
C13979,54,FIXED COMPLETION DATE,20020909,20031031,14
C14239,40,WORK DAYS,20040510,20040907,40
C14240,115,WORK DAYS,20040401,20040915,118
C14241,80,WORK DAYS,20040516,20050128,64
C14914,100,WORK DAYS,20050204,20051007,94
C14113,60,WORK DAYS,20030407,20031113,52
C14127,50,WORK DAYS,20030516,20030918,46
C14134,155,WORK DAYS,20020909,20031231,159
C14824,10,WORK DAYS,20040615,20040701,7
C13988,140,WORK DAYS,20030715,20040914,163
C13998,75,WORK DAYS,20030421,20030717,58
C14002,40,WORK DAYS,20020814,20030110,40
C14149R,80,WORK DAYS,20040601,20041013,65
C14831R,114,FIXED COMPLETION DATE,20050203,20050617,5
C14014,70,WORK DAYS,20030602,20031024,69
C14020,35,WORK DAYS,20030716,20040819,66
C14021R,156,FIXED COMPLETION DATE,20040714,20041216,7
C14850,32,WORK DAYS,20050601,20050930,32
C14071,35,WORK DAYS,20020827,20021106,33
C14077,130,WORK DAYS,20041004,20050805,125
C14082,42,CALENDAR DAYS,20030902,20031031,63
C14204,25,WORK DAYS,20030331,20031007,22
C14400,37,WORK DAYS,20040517,20040715,37
C14405,45,WORK DAYS,20030513,20031009,44
C14426,45,WORK DAYS,20040128,20040630,47
C14342,190,WORK DAYS,20030903,20061016,185
C14350,105,WORK DAYS,20030404,20040907,154
C14352,135,FIXED COMPLETION DATE,20030519,20030905,85
C14173,30,WORK DAYS,20040315,20050406,44
C14355,120,WORK DAYS,20030616,20040210,106
C14356R,40,WORK DAYS,20030711,20030922,37
C14369,20,WORK DAYS,20030915,20031030,24
C14200,100,WORK DAYS,20030414,20031017,99
C14381,30,WORK DAYS,20040318,20050131,45
C14384,0,FIXED COMPLETION DATE,20030519,20030808,3
C14397,240,WORK DAYS,20030702,20040921,248
C14224,181,FIXED COMPLETION DATE,20030601,20040322,18
C14510,30,WORK DAYS,20040824,20051008,26
C14511,30,WORK DAYS,20040405,20040524,30
C14512,60,WORK DAYS,20040901,20050608,58
C14208,65,WORK DAYS,20040419,20041109,78
C14438,15,WORK DAYS,20050415,20050506,13
C14439,144,FIXED COMPLETION DATE,20030610,20040707,9
C14450,35,WORK DAYS,20040526,20041016,35
C14212,80,WORK DAYS,20040615,20041020,83
C14462,100,WORK DAYS,20040517,20041213,46
C14463,100,WORK DAYS,20040517,20050929,85
C14464,300,WORK DAYS,20040426,20061212,347
C14217,45,WORK DAYS,20030428,20030625,46
C14482,1005,CALENDAR DAYS,20040920,20060912,703
C14483,140,WORK DAYS,20040401,20050414,133
C14508,50,WORK DAYS,20040108,20040827,52
C13987,100,WORK DAYS,20030428,20031002,104
C14243,85,WORK DAYS,20040809,20060105,69
C14244,360,CALENDAR DAYS,20030707,20041112,368
C14266,105,WORK DAYS,20040531,20050623,139
C14229,40,WORK DAYS,20030508,20031204,78
C14520,110,WORK DAYS,20040112,20040915,108
C14528,135,WORK DAYS,20040330,20050204,142
C14529,100,WORK DAYS,20050307,20051214,112
C14238,70,WORK DAYS,20040419,20050923,61
C14549,100,WORK DAYS,20040729,20050831,93
C14552,200,FIXED COMPLETION DATE,20041102,20060813,15
C14554R,41,FIXED COMPLETION DATE,20040513,20040714,1
C14242,75,WORK DAYS,20040621,20050310,71
C14563,100,WORK DAYS,20040105,20040630,99
C14564,90,WORK DAYS,20040516,20061014,81
C14572,250,FIXED COMPLETION DATE,20040823,20050506,33
C14135,75,WORK DAYS,20040614,20050429,82
C14316,110,FIXED COMPLETION DATE,20030210,20030630,7
C14320,25,WORK DAYS,20030908,20031008,22
C14323,150,WORK DAYS,20040308,20051201,157
C14011,65,WORK DAYS,20040802,20041111,69
C14274,250,WORK DAYS,20030421,20040901,268
C14275,80,WORK DAYS,20030606,20031223,92
C14282,75,WORK DAYS,20040607,20050622,85
C14046,45,WORK DAYS,20020726,20021101,53
C14288,120,WORK DAYS,20030818,20040326,114
C14291,35,WORK DAYS,20030902,20040108,40
C14301,60,WORK DAYS,20030415,20080829,75
C14091,100,WORK DAYS,20021009,20030825,42
C14305,90,WORK DAYS,20030602,20040628,109
C14307,60,WORK DAYS,20030313,20031021,85
C14311,15,WORK DAYS,20040316,20040521,13
C14436,20,WORK DAYS,20030707,20030801,20
C14690,60,WORK DAYS,20040724,20041117,62
C14691,45,WORK DAYS,20040601,20040903,43
C14692,45,WORK DAYS,20040615,20040901,48
C14353R,50,WORK DAYS,20030616,20030924,47
C14625,45,WORK DAYS,20050425,20050726,59
C14626,60,WORK DAYS,20050328,20050620,50
C14627,80,WORK DAYS,20050411,20051110,76
C14372,100,WORK DAYS,20040907,20041207,51
C14636,120,CALENDAR DAYS,20050502,20051201,165
C14638,30,WORK DAYS,20040614,20040730,21
C14657,169,CALENDAR DAYS,20040415,20050427,246
C14399,90,WORK DAYS,20030922,20061215,192
C14671,195,CALENDAR DAYS,20041028,20051111,241
C14676,80,WORK DAYS,20040802,20050527,82
C14677,20,WORK DAYS,20040517,20040719,13
C14513,25,WORK DAYS,20040810,20041014,22
C14739,40,WORK DAYS,20040315,20041021,39
C14743,129,FIXED COMPLETION DATE,20040309,20040815,9
C14744R,99,FIXED COMPLETION DATE,20040423,20040728,51
C14461,65,WORK DAYS,20040528,20041030,96
C14700,191,FIXED COMPLETION DATE,20040326,20040915,11
C14702,77,FIXED COMPLETION DATE,20040415,20040804,11
C14704,20,WORK DAYS,20040113,20040216,21
C14465,50,FIXED COMPLETION DATE,20040611,20040611,2
C14708,66,WORK DAYS,20040711,20041213,70
C14709,60,WORK DAYS,20040607,20040924,61
C14710,90,WORK DAYS,20050801,20060830,93
C14509,125,WORK DAYS,20030811,20040630,56
C14714,50,WORK DAYS,20040602,20040910,60
C14716,91,FIXED COMPLETION DATE,20040803,20041012,15
C14733,20,WORK DAYS,20041005,20050110,16
C91044,200,WORK DAYS,19991117,20010809,250
C15261,50,WORK DAYS,20060612,20060830,52
C15607,45,WORK DAYS,20060511,20060920,45
C15365,100,WORK DAYS,20060731,20070523,107
C13289,412,CALENDAR DAYS,20060712,20071129,435
C16188B,286,FIXED COMPLETION DATE,20090305,20091211,79
C16975,30,WORK DAYS,20090420,20091006,28
C16985,108,FIXED COMPLETION DATE,20090325,20090601,4
C16705,40,WORK DAYS,20090601,20090827,38
C93084,360,WORK DAYS,19990607,20010618,456
C14086,90,WORK DAYS,20060821,20090121,125
C14890,360,WORK DAYS,20060905,20080107,294
C15567,30,WORK DAYS,20060426,20061212,26
C93221,650,CALENDAR DAYS,19991108,20030801,747
C93222,1031,CALENDAR DAYS,20000619,20030906,1085
C14635,70,CALENDAR DAYS,20060612,20060920,70
C15200,15,WORK DAYS,20050606,20050629,17
C13697,120,CALENDAR DAYS,20050919,20071219,264
C15400,35,WORK DAYS,20070423,20071005,26
C15832R,75,WORK DAYS,20070510,20071031,68
C15924,182,FIXED COMPLETION DATE,20070503,20070927,99
C15207,100,WORK DAYS,20060601,20070504,112
C93110R,180,WORK DAYS,19991115,20010615,176
C14556S,303,FIXED COMPLETION DATE,20060901,20070731,10
C15583,157,FIXED COMPLETION DATE,20061024,20081110,19
C15492,243,FIXED COMPLETION DATE,20061016,20070615,24
C16022,21,WORK DAYS,20061204,20070226,58
C15435,50,WORK DAYS,20070404,20070621,43
C15784R,100,WORK DAYS,20070213,20080117,149
C15923,20,WORK DAYS,20070618,20070630,9
C15746,144,WORK DAYS,20070226,20090225,150
C15903R,426,FIXED COMPLETION DATE,20070918,20081217,15
C15833,6,WORK DAYS,20070626,20070706,6
C15509,10,WORK DAYS,20070628,20070705,4
C15763,90,WORK DAYS,20080313,20080814,89
C14923S,20,WORK DAYS,20050501,20050520,13
C14936,45,WORK DAYS,20041021,20050405,29
C14938,35,WORK DAYS,20050412,20060111,23
C15070R,45,WORK DAYS,20050926,20051216,53
C15034,40,WORK DAYS,20050518,20050706,36
C15035,25,WORK DAYS,20050315,20051015,31
C15039,85,WORK DAYS,20050502,20051215,139
C14284,15,WORK DAYS,20060105,20060403,5
C15060,40,WORK DAYS,20050502,20080829,91
C15068,50,CALENDAR DAYS,20041117,20050926,115
C15764,54,WORK DAYS,20080401,20080725,56
C16606,25,WORK DAYS,20080616,20080819,18
C16636,54,FIXED COMPLETION DATE,20080616,20080827,3
C16495,60,WORK DAYS,20080707,20090512,76
C16773,25,WORK DAYS,20080617,20080814,28
C14838,200,WORK DAYS,20051201,20070214,202
C15019,60,WORK DAYS,20050404,20050808,62
C15030,80,WORK DAYS,20050502,20051104,86
C15032,179,FIXED COMPLETION DATE,20050419,20051122,83
C15507,25,WORK DAYS,20060710,20060920,15
C15515R,60,WORK DAYS,20060618,20061211,81
C12490,90,WORK DAYS,20050608,20061013,161
C15155R,918,FIXED COMPLETION DATE,20050627,20080916,42
C14783R,182,FIXED COMPLETION DATE,20050915,20060526,16
C15074,100,WORK DAYS,20050328,20050912,100
C14986,180,WORK DAYS,20060821,20080321,186
C15591,45,WORK DAYS,20061001,20070419,38
C15156,140,WORK DAYS,20050620,20051220,85
C15205R,110,WORK DAYS,20050705,20060705,175
C15204RA,18,FIXED COMPLETION DATE,20050815,20050916,2
C17025,25,WORK DAYS,20090518,20090619,20
C16596,140,WORK DAYS,20090504,20110509,166
C16521,38,WORK DAYS,20090331,20090701,31
C16830,172,FIXED COMPLETION DATE,20090513,20100831,12
C15525,25,WORK DAYS,20060514,20060718,21
C14978,142,FIXED COMPLETION DATE,20050527,20051110,27
C14852,197,FIXED COMPLETION DATE,20050519,20051201,6
C12560,440,CALENDAR DAYS,20050713,20080108,427
C15027-ALT,185,FIXED COMPLETION DATE,20050331,20050811,6
C14663R,70,WORK DAYS,20050601,20051128,82
C15236,170,WORK DAYS,20061106,20070921,167
C15654,40,WORK DAYS,20061012,20070523,41
C15168,20,WORK DAYS,20060501,20060609,21
C15368,140,WORK DAYS,20051010,20060614,124
C14773R,27,WORK DAYS,20070508,20071010,39
C15600,95,WORK DAYS,20061204,20070702,93
C14654,90,WORK DAYS,20080107,20090410,83
C16552,30,WORK DAYS,20080401,20080507,18
C15601,15,WORK DAYS,20070430,20070523,16
C93197,150,WORK DAYS,19970421,19990531,176
C93200,73,WORK DAYS,20010312,20010728,78
C15634,35,WORK DAYS,20060827,20061006,29
C15883,297,FIXED COMPLETION DATE,20060802,20061110,63
C15709,75,WORK DAYS,20060924,20070728,96
C13129R,444,WORK DAYS,20070111,20090228,374
C14087,80,WORK DAYS,20060405,20060929,82
C15489,60,CALENDAR DAYS,20060418,20060908,47
C15319,62,FIXED COMPLETION DATE,20060601,20061108,37
C15968R,36,WORK DAYS,20070302,20070606,34
C15028R,144,FIXED COMPLETION DATE,20050620,20051110,6
C14322,56,WORK DAYS,20050711,20060728,68
C14527R,45,WORK DAYS,20050916,20060821,37
C15229,15,WORK DAYS,20060111,20060616,11
C15433,60,WORK DAYS,20060530,20060824,57
C15288,60,WORK DAYS,20061103,20070725,73
C15753,50,WORK DAYS,20061213,20070523,46
C15066,226,FIXED COMPLETION DATE,20060118,20060919,15
C14855,85,WORK DAYS,20060213,20070516,87
C14942R,239,WORK DAYS,20060302,20081003,293
C15053,75,WORK DAYS,20050502,20060403,170
C15137,221,FIXED COMPLETION DATE,20060207,20061110,11
C15154,45,WORK DAYS,20060402,20060613,41
C15209R,179,FIXED COMPLETION DATE,20060306,20061130,16
C15075,85,CALENDAR DAYS,20050208,20060619,102
C14863,197,FIXED COMPLETION DATE,20060321,20070108,11
C15160,75,WORK DAYS,20060404,20061114,86
C15667,60,WORK DAYS,20070604,20080514,84
C15144,110,WORK DAYS,20060705,20061214,111
C14615,70,WORK DAYS,20060605,20061006,72
C14633,70,WORK DAYS,20060410,20060918,68
C15033,35,WORK DAYS,20050711,20050831,38
C13960,60,WORK DAYS,20060619,20060927,57
C13224R,372,CALENDAR DAYS,20060116,20080118,373
C15434A,35,WORK DAYS,20060612,20060828,24
C15199,10,WORK DAYS,20050705,20050719,8
C15142,110,WORK DAYS,20060403,20060829,96
C15272,50,WORK DAYS,20060210,20060919,60
C15527,30,WORK DAYS,20060218,20070220,30
C15217,80,WORK DAYS,20060405,20060914,88
C15080,56,WORK DAYS,20050728,20060104,57
C15141,85,WORK DAYS,20060323,20060822,74
C15508,35,WORK DAYS,20060605,20060731,37
C15104,40,WORK DAYS,20060517,20061016,41
C14628,50,WORK DAYS,20050725,20051104,50
C14347R,158,FIXED COMPLETION DATE,20060411,20060915,4
C15358,35,WORK DAYS,20060604,20070919,30
C15560,100,WORK DAYS,20060515,20061010,87
C14935R,514,FIXED COMPLETION DATE,20050608,20060724,12
C15349,130,WORK DAYS,20060207,20061020,131
C15611,31,FIXED COMPLETION DATE,20060104,20060130,1
C15061,130,FIXED COMPLETION DATE,20060221,20060628,12
C14930R,362,FIXED COMPLETION DATE,20061004,20070928,34
C11725,160,WORK DAYS,20061016,20080219,174
C14924,239,FIXED COMPLETION DATE,20051021,20060701,80
C15369,129,FIXED COMPLETION DATE,20051123,20060620,9
C14081,175,WORK DAYS,20051110,20061208,174
C15338,97,WORK DAYS,20070423,20080919,110
C14551RA-ALT,670,WORK DAYS,20061206,20111223,1188
C15231,100,WORK DAYS,20060103,20060526,88
C15517,100,WORK DAYS,20060430,20061218,104
C15363,50,WORK DAYS,20060828,20061116,55
C15662,50,WORK DAYS,20060906,20070614,40
C14620,65,FIXED COMPLETION DATE,20050829,20051223,35
C15161,40,WORK DAYS,20050830,20051123,42
C15139R,240,WORK DAYS,20051024,20070110,267
C14598,380,WORK DAYS,20060814,20080408,319
C13579-ALT,693,CALENDAR DAYS,20061106,20090820,819
C15169,45,WORK DAYS,20051024,20060323,68
C15064R,218,FIXED COMPLETION DATE,20051007,20060503,32
C15289,215,FIXED COMPLETION DATE,20051024,20060603,40
C14614,89,CALENDAR DAYS,20060530,20060922,90
C15956,20,WORK DAYS,20070720,20070807,6
C15179B,650,CALENDAR DAYS,20070207,20110328,549
C15828,40,WORK DAYS,20070305,20071210,38
C15543,236,FIXED COMPLETION DATE,20060310,20060807,9
C15428,60,WORK DAYS,20060308,20061004,66
C15618,100,WORK DAYS,20070218,20071016,103
C15668,52,WORK DAYS,20070326,20080310,73
C15943,80,WORK DAYS,20070226,20071019,98
C15065,60,WORK DAYS,20070409,20070907,49
C15699,220,WORK DAYS,20070215,20080502,223
C15510,26,FIXED COMPLETION DATE,20060605,20060805,4
C15590,20,WORK DAYS,20060710,20061214,25
C15159RB,119,FIXED COMPLETION DATE,20060706,20070207,132
C15391,35,WORK DAYS,20060227,20060530,20
C15361,70,WORK DAYS,20070430,20071114,68
C16008,30,WORK DAYS,20070416,20070517,18
C15675,65,WORK DAYS,20070116,20070530,54
C15195,215,FIXED COMPLETION DATE,20060315,20070702,18
C14979,170,FIXED COMPLETION DATE,20050516,20051123,9
C13970T-ALT A,280,CALENDAR DAYS,20050519,20060807,239
C15076,35,WORK DAYS,20050518,20050713,37
C15438,137,FIXED COMPLETION DATE,20060404,20061103,60
C15180,40,WORK DAYS,20050808,20050909,24
C12810,100,WORK DAYS,20050524,20051121,101
C14234,215,WORK DAYS,20050613,20060731,166
C15148,100,WORK DAYS,20060414,20070430,86
C14630,115,WORK DAYS,20050531,20060126,116
C15031R,113,FIXED COMPLETION DATE,20050425,20050814,5
C15135,110,WORK DAYS,20050427,20051119,123
C14981,65,FIXED COMPLETION DATE,20060828,20061110,20
C15157,100,WORK DAYS,20050502,20060206,128
C15158,60,WORK DAYS,20050420,20051227,102
C15009,64,WORK DAYS,20050620,20051118,67
C14478,100,WORK DAYS,20060214,20070507,98
C91130,190,WORK DAYS,19971020,20011029,30
C92018,260,WORK DAYS,19980302,20010606,252
C15320R,204,FIXED COMPLETION DATE,20060411,20061031,6
C92054,450,WORK DAYS,20001108,20030509,434
C15321R,198,FIXED COMPLETION DATE,20060417,20061030,6
C92911,335,CALENDAR DAYS,20001010,20040930,341
C92962,160,WORK DAYS,19990607,20000627,144
C15174R,198,FIXED COMPLETION DATE,20060330,20061207,137
C89075,170,WORK DAYS,20000214,20010702,163
C91033,230,WORK DAYS,19970505,19991026,431
C91034,360,WORK DAYS,19980908,20020321,406
C14303R,120,WORK DAYS,20060109,20071110,140
C15498,186,FIXED COMPLETION DATE,20060425,20060913,73
C15194,25,WORK DAYS,20060514,20061027,48
C15359,60,WORK DAYS,20060612,20060916,64
C92312,200,CALENDAR DAYS,20000905,20010503,240
C15290,84,WORK DAYS,20060306,20061010,96
C15360,65,CALENDAR DAYS,20060605,20060901,63
C14416,363,CALENDAR DAYS,20060530,20070709,365
C15374R,183,FIXED COMPLETION DATE,20051118,20060530,3
C15526,25,WORK DAYS,20060418,20060626,25
C15545,134,FIXED COMPLETION DATE,20060414,20060810,34
C14617,50,WORK DAYS,20060619,20061120,53
C14214R,120,WORK DAYS,20060410,20070814,140
C15562,75,WORK DAYS,20060418,20061127,86
C15429,55,WORK DAYS,20060428,20061108,50
C15067RB,180,FIXED COMPLETION DATE,20060417,20070111,8
C14839,120,WORK DAYS,20070305,20080528,253
C15678,85,FIXED COMPLETION DATE,20060825,20071015,33
C13385,340,WORK DAYS,20060830,20100802,283
C15023,85,WORK DAYS,20070601,20071126,116
C15609,15,WORK DAYS,20060524,20060714,15
C15671,75,WORK DAYS,20070402,20080204,98
C15785,85,WORK DAYS,20071001,20080424,97
C15364,120,WORK DAYS,20070402,20080314,152
C15106,414,FIXED COMPLETION DATE,20060613,20070509,7
C15111R,90,WORK DAYS,20061030,20070605,32
C14829,150,WORK DAYS,20060911,20080107,158
C14811,690,CALENDAR DAYS,20061002,20110330,744
C15109,309,FIXED COMPLETION DATE,20061227,20071018,59
C15645,63,WORK DAYS,20060911,20070117,78
C15552,75,WORK DAYS,20061001,20070627,73
C15808,60,WORK DAYS,20061009,20070717,36
C14507,35,WORK DAYS,20050516,20050819,31
C14315,170,WORK DAYS,20051003,20060915,219
C14683R,40,WORK DAYS,20050917,20051115,32
C15566,14,CALENDAR DAYS,20051128,20051215,10
C15917A,219,FIXED COMPLETION DATE,20070125,20070823,4
C13003,390,WORK DAYS,20050906,20090508,553
C14584,90,WORK DAYS,20051208,20061117,97
C15051,40,WORK DAYS,20051230,20060825,34
C15406,40,WORK DAYS,20060201,20060630,31
C15103,100,WORK DAYS,20050518,20060515,100
C15225,25,WORK DAYS,20050620,20050812,19
C14096,120,WORK DAYS,20050621,20051216,116
C15404,25,CALENDAR DAYS,20050624,20051007,87
C92999,220,WORK DAYS,19980908,20011106,242
C15008,40,WORK DAYS,20050601,20050926,31
C15110,25,WORK DAYS,20050815,20051028,26
C14136,100,CALENDAR DAYS,20050816,20060117,110
C15206,65,WORK DAYS,20051003,20060612,46
C16052,40,WORK DAYS,20070515,20070830,41
C15884,28,WORK DAYS,20080804,20090529,31
C16406,20,WORK DAYS,20080410,20081230,18
C16494,491,FIXED COMPLETION DATE,20080425,20090826,21
C16272RC,204,FIXED COMPLETION DATE,20080418,20090731,98
C15490,110,WORK DAYS,20070604,20071205,114
C15877,60,WORK DAYS,20080602,20100423,60
C16048,51,FIXED COMPLETION DATE,20080529,20080909,4
C16055,92,WORK DAYS,20080501,20090730,112
C15834,12,WORK DAYS,20070724,20070731,8
C17765,70,WORK DAYS,20100616,20101028,77
C17559,63,WORK DAYS,20100719,20110526,109
C17657,35,WORK DAYS,20100726,20100907,31
C16191,73,FIXED COMPLETION DATE,20080723,20080922,3
C16441,35,WORK DAYS,20080721,20080925,31
C16288,106,FIXED COMPLETION DATE,20080718,20090708,17
C15049,206,WORK DAYS,20080924,20101110,198
C16646,25,WORK DAYS,20080915,20081125,24
C16642,80,WORK DAYS,20081013,20090805,120
C15985,40,WORK DAYS,20080929,20081124,40
C15868,86,WORK DAYS,20080502,20081208,79
C16922,20,WORK DAYS,20090603,20090715,22
C16754,30,WORK DAYS,20090115,20090511,31
C16661,319,FIXED COMPLETION DATE,20090106,20091113,122
C17653,45,WORK DAYS,20100719,20101104,33
C17763,60,WORK DAYS,20110321,20110920,96
C17776,42,CALENDAR DAYS,20110330,20110520,40
C18115-ALT,218,FIXED COMPLETION DATE,20110127,20110924,8
C17252,30,WORK DAYS,20090518,20090717,25
C16806,40,WORK DAYS,20090507,20090910,41
C16870,144,FIXED COMPLETION DATE,20090512,20091012,91
C17251,75,CALENDAR DAYS,20090526,20090814,76
C15549-ALT,200,CALENDAR DAYS,20080204,20081103,132
C16360,40,WORK DAYS,20080122,20080820,50
C16007,30,WORK DAYS,20070808,20080611,36
C16995,100,FIXED COMPLETION DATE,20090106,20090408,31
C15920,205,FIXED COMPLETION DATE,20070410,20071025,56
C16012,65,WORK DAYS,20070523,20080418,68
C16540,20,WORK DAYS,20070824,20070929,18
C17535,580,CALENDAR DAYS,20110224,20130808,607
C16807,55,WORK DAYS,20091023,20100917,53
C17550,148,FIXED COMPLETION DATE,20100122,20110224,11
C17395,95,WORK DAYS,20100119,20101216,97
C14557,280,WORK DAYS,20070330,20081016,370
C15095,120,WORK DAYS,20070601,20081008,166
C16445,55,WORK DAYS,20080319,20080711,52
C15573,209,CALENDAR DAYS,20071110,20081002,213
C16239,213,FIXED COMPLETION DATE,20070402,20071207,8
C15770,45,WORK DAYS,20070625,20080123,58
C16189B,255,FIXED COMPLETION DATE,20080220,20090922,57
C16026,100,WORK DAYS,20070914,20090319,132
C15633,80,WORK DAYS,20070609,20071012,74
C12491-ALT,154,WORK DAYS,20070623,20080212,126
C16492,100,WORK DAYS,20080504,20081027,111
C17452,80,CALENDAR DAYS,20100517,20101109,178
C14976,180,WORK DAYS,20090817,20101015,206
C15548,266,FIXED COMPLETION DATE,20090822,20100630,11
C15491,389,FIXED COMPLETION DATE,20090908,20110610,16
C16451,278,FIXED COMPLETION DATE,20080128,20081022,4
C15939,60,WORK DAYS,20080505,20080818,62
C16408,21,WORK DAYS,20080604,20080627,21
C15176,60,WORK DAYS,20080325,20090609,85
C15918,37,CALENDAR DAYS,20080328,20080609,47
C15652,80,WORK DAYS,20080508,20081219,82
C16758,10,WORK DAYS,20080302,20080319,5
C16604,198,FIXED COMPLETION DATE,20080403,20090518,17
C16443,48,WORK DAYS,20080409,20080828,53
C16624,20,WORK DAYS,20071129,20080221,15
C16043R,71,FIXED COMPLETION DATE,20080220,20080425,2
C16595,45,WORK DAYS,20080521,20080826,47
C15819,20,WORK DAYS,20080801,20090918,15
C16102,191,FIXED COMPLETION DATE,20080509,20090831,174
C17265,325,WORK DAYS,20090826,20111107,327
C17216,65,WORK DAYS,20100801,20101230,61
C16100,50,WORK DAYS,20100726,20110603,44
C17704,77,WORK DAYS,20100815,20110303,86
C13808,260,WORK DAYS,20080723,20110718,279
C16658,80,WORK DAYS,20080818,20090709,88
C16562,20,WORK DAYS,20080730,20090812,22
C16263,70,WORK DAYS,20080818,20090601,66
C16871,86,FIXED COMPLETION DATE,20081007,20090508,8
C16816R,54,FIXED COMPLETION DATE,20080929,20081107,6
C16710,50,WORK DAYS,20081103,20090526,58
C15809,35,WORK DAYS,20090302,20090617,34
C16453,100,CALENDAR DAYS,20080519,20080902,102
C16105,67,FIXED COMPLETION DATE,20090112,20090703,8
C15916,225,FIXED COMPLETION DATE,20090116,20090909,37
C16949,20,WORK DAYS,20090127,20090519,17
C17278,40,WORK DAYS,20100720,20110127,57
C17768,25,WORK DAYS,20110411,20110527,26
C17843,115,WORK DAYS,20110425,20120423,139
C17891,42,WORK DAYS,20110414,20110826,53
C15568,100,WORK DAYS,20080616,20081226,113
C15145R,80,WORK DAYS,20080714,20090224,80
C16046,180,WORK DAYS,20080612,20091017,163
C16240,392,FIXED COMPLETION DATE,20070905,20081030,11
C16174,40,WORK DAYS,20080310,20080701,53
C15922B,269,FIXED COMPLETION DATE,20070221,20071116,8
C16006,30,WORK DAYS,20090112,20091110,47
C15595,53,FIXED COMPLETION DATE,20070911,20080709,6
C15815R,110,WORK DAYS,20071022,20080609,101
C16420,69,FIXED COMPLETION DATE,20080316,20080529,68
C16047,40,WORK DAYS,20080415,20081201,42
C16222,177,FIXED COMPLETION DATE,20080323,20101222,197
C16680,50,WORK DAYS,20080523,20081029,49
C16446,60,WORK DAYS,20080714,20081024,83
C16019,30,WORK DAYS,20080307,20080613,13
C16028,70,WORK DAYS,20070709,20080408,84
C15576,390,WORK DAYS,20080310,20091102,363
C16172,60,WORK DAYS,20080219,20090910,79
C16415,45,WORK DAYS,20070820,20080716,122
C15362,70,WORK DAYS,20070521,20071109,65
C16485,17,WORK DAYS,20080313,20080623,17
C16278,60,WORK DAYS,20080313,20080902,60
C16641R,100,WORK DAYS,20080623,20090519,98
C16410,110,WORK DAYS,20080714,20090731,39
C15504,488,FIXED COMPLETION DATE,20080702,20091113,20
C16241,-9,FIXED COMPLETION DATE,20080811,20091104,8
C16080,40,WORK DAYS,20070716,20080415,67
C16564,108,FIXED COMPLETION DATE,20080305,20080909,59
C16062,150,CALENDAR DAYS,20080403,20081021,145
C16076B,238,FIXED COMPLETION DATE,20080329,20090105,14
C14440,70,WORK DAYS,20070917,20080925,67
C16645,10,CALENDAR DAYS,20071202,20071210,9
C16621,100,WORK DAYS,20080205,20080926,101
C16277,60,WORK DAYS,20080428,20090707,78
C16532,25,WORK DAYS,20080421,20081009,28
C15676,84,FIXED COMPLETION DATE,20071217,20090115,10
C15904,60,WORK DAYS,20080616,20080917,58
C15555,580,FIXED COMPLETION DATE,20080515,20100803,405
C16801,129,FIXED COMPLETION DATE,20080423,20081121,8
C17255,100,WORK DAYS,20090614,20100615,93
C16869,130,WORK DAYS,20090505,20100729,111
C17143,30,WORK DAYS,20090706,20091006,35
C16804,40,WORK DAYS,20090518,20090929,46
C16814,40,WORK DAYS,20081006,20081112,27
C15564S,630,WORK DAYS,20080914,20110713,663
C15821R,40,WORK DAYS,20080902,20090109,41
C15544,40,WORK DAYS,20080812,20090119,39
C16999,292,CALENDAR DAYS,20081013,20090901,291
C16706,40,WORK DAYS,20081029,20090921,40
C16025,150,WORK DAYS,20081029,20100607,156
C15950,110,WORK DAYS,20081029,20090814,125
C16569,150,CALENDAR DAYS,20080611,20090202,150
C17023,25,WORK DAYS,20090323,20090430,25
C16620,220,WORK DAYS,20090211,20110429,219
C15915,290,WORK DAYS,20090331,20110831,319
C15748,60,WORK DAYS,20070709,20071019,58
C15929,52,FIXED COMPLETION DATE,20070910,20081031,16
C15146,80,WORK DAYS,20080128,20081103,79
C16148,30,WORK DAYS,20070718,20071207,30
C16018,25,WORK DAYS,20071126,20080703,25
C13141-ALT,1278,CALENDAR DAYS,20071107,20110629,1300
C16574,30,WORK DAYS,20071205,20080808,55
C15927,75,CALENDAR DAYS,20070507,20070629,53
C15585,52,WORK DAYS,20070529,20070925,61
C15710,90,WORK DAYS,20070601,20080111,91
C15910,92,CALENDAR DAYS,20070709,20071024,93
C16522,110,WORK DAYS,20090301,20090930,115
C14915,45,WORK DAYS,20070313,20070821,44
C16009,20,WORK DAYS,20070910,20080506,24
C15925R,158,FIXED COMPLETION DATE,20070313,20070817,16
C16103,50,WORK DAYS,20070808,20090227,63
C15752R,60,WORK DAYS,20070904,20080415,64
C15514,80,WORK DAYS,20080521,20090108,125
C16145,80,WORK DAYS,20080602,20081003,78
C16422,45,WORK DAYS,20080401,20090225,70
C14959-ALT,314,WORK DAYS,20070827,20091217,500
C15586,50,WORK DAYS,20070507,20070912,89
C16338,71,FIXED COMPLETION DATE,20070809,20071116,4
C15914,120,WORK DAYS,20071001,20081218,171
C15621,40,WORK DAYS,20070611,20070731,35
C14277,140,WORK DAYS,20070723,20080630,131
C15661R,60,WORK DAYS,20080108,20090714,72
C15879,219,FIXED COMPLETION DATE,20071114,20080822,102
C16035R,150,WORK DAYS,20071217,20090824,90
C15351,50,WORK DAYS,20070619,20071121,53
C16108,90,WORK DAYS,20070730,20080722,114
C16736,10,WORK DAYS,20080207,20080317,2
C16448,68,FIXED COMPLETION DATE,20080310,20080516,27
C16416,305,FIXED COMPLETION DATE,20080201,20100615,18
C16701A,130,WORK DAYS,20080715,20091221,125
C16623,35,WORK DAYS,20080730,20081105,41
C16279,40,WORK DAYS,20080710,20081119,27
C16565,40,WORK DAYS,20080714,20081031,41
C16106,170,FIXED COMPLETION DATE,20071010,20080520,8
C15852R,419,FIXED COMPLETION DATE,20071010,20081224,14
C16149,45,WORK DAYS,20071104,20080514,47
C15026,65,WORK DAYS,20080102,20080610,67
C16617,75,WORK DAYS,20080304,20080814,75
C16605,98,FIXED COMPLETION DATE,20080425,20081125,10
C15069,394,CALENDAR DAYS,20080508,20100601,430
C16274,75,WORK DAYS,20080415,20090120,78
C15928,45,WORK DAYS,20080604,20090810,51
C16491,30,WORK DAYS,20080414,20080826,16
C16366,60,WORK DAYS,20080604,20081027,45
C16600,40,WORK DAYS,20080714,20081203,44
C16563,45,WORK DAYS,20080616,20081212,53
C17026,35,WORK DAYS,20090824,20091110,41
C17250,70,WORK DAYS,20090601,20091109,66
C17246,58,WORK DAYS,20090519,20091008,64
C16619,40,WORK DAYS,20090505,20090722,39
C16704,50,WORK DAYS,20080729,20081120,49
C16813,57,FIXED COMPLETION DATE,20080822,20081117,5
C14373,75,WORK DAYS,20080902,20090701,81
C16684,33,WORK DAYS,20080805,20081017,34
C16731,110,WORK DAYS,20081201,20090515,105
C16586,92,CALENDAR DAYS,20090121,20101230,82
C16808,60,WORK DAYS,20081201,20090320,3
C15951,90,CALENDAR DAYS,20080803,20081217,83
C16567,110,WORK DAYS,20090227,20090803,66
C16690,60,WORK DAYS,20091117,20100618,28
C16161,80,WORK DAYS,20090329,20090818,77
C15488,430,FIXED COMPLETION DATE,20070824,20081026,11
C15630,52,FIXED COMPLETION DATE,20070926,20080213,4
C15967,54,WORK DAYS,20070629,20071009,42
C15919,172,FIXED COMPLETION DATE,20070314,20071026,7
C15977,65,WORK DAYS,20070717,20071114,56
C16221B,71,FIXED COMPLETION DATE,20070806,20081024,10
C15873,248,FIXED COMPLETION DATE,20081112,20090723,5
C16216,100,CALENDAR DAYS,20070718,20071116,88
C15747,60,WORK DAYS,20070801,20080521,64
C15505,43,FIXED COMPLETION DATE,20070320,20080516,7
C16214,95,WORK DAYS,20090518,20100319,100
C15900,50,WORK DAYS,20070730,20080128,61
C15108,662,FIXED COMPLETION DATE,20070808,20090530,35
C14810,60,WORK DAYS,20070516,20080401,88
C15766,70,WORK DAYS,20070604,20071109,68
C14417,140,WORK DAYS,20070917,20080915,125
C13192,816,FIXED COMPLETION DATE,20070828,20100503,42
C16013,45,WORK DAYS,20080107,20080416,36
C16421R,80,WORK DAYS,20080505,20090930,157
C16146,30,WORK DAYS,20071008,20080530,31
C16312B,35,WORK DAYS,20071029,20080414,22
C16213R,65,WORK DAYS,20080107,20080415,64
C15570,30,WORK DAYS,20070709,20080630,38
C15771,30,WORK DAYS,20070604,20070726,31
C16050,105,WORK DAYS,20080204,20080825,102
C16096,220,WORK DAYS,20080201,20091102,213
C15976,45,WORK DAYS,20070604,20070828,58
C16005,75,WORK DAYS,20070711,20071113,74
C13590,570,WORK DAYS,20080226,20120517,405
C15283,40,WORK DAYS,20080227,20081017,36
C16037,93,WORK DAYS,20070605,20071129,99
C17121,90,WORK DAYS,20100405,20101216,90
C17938,70,WORK DAYS,20101005,20110803,75
C17826,140,WORK DAYS,20101012,20120113,194
C17791,210,WORK DAYS,20101101,20120522,209
C17221,100,WORK DAYS,20100504,20121212,141
C17813,70,CALENDAR DAYS,20110420,20111112,216
C18072,78,WORK DAYS,20101213,20110406,44
C17739R,65,WORK DAYS,20110502,20111002,71
C16262,240,WORK DAYS,20100618,20110720,207
C17804,155,WORK DAYS,20110717,20120622,169
C17682R,35,WORK DAYS,20110718,20111029,28
C18095-ALT,120,CALENDAR DAYS,20110630,20130503,212
C16493,423,FIXED COMPLETION DATE,20090916,20101029,36
C17524,120,WORK DAYS,20100915,20120126,154
C17702,86,FIXED COMPLETION DATE,20100819,20110106,7
C17675,150,FIXED COMPLETION DATE,20100804,20110524,8
C17760,45,CALENDAR DAYS,20101012,20101130,41
C17523,75,WORK DAYS,20100830,20110113,63
C15339,403,FIXED COMPLETION DATE,20100907,20120502,14
C17601,93,FIXED COMPLETION DATE,20100819,20120103,2
C17809,88,WORK DAYS,20101209,20111014,85
C17703,90,WORK DAYS,20101220,20111121,101
C17314,177,FIXED COMPLETION DATE,20110422,20120621,12
C17664,70,WORK DAYS,20110509,20120406,73
C17315,80,WORK DAYS,20110621,20120919,60
C17864,90,WORK DAYS,20110705,20120830,165
C18193,120,WORK DAYS,20110906,20120810,118
C18009,30,WORK DAYS,20111003,20120612,55
C17656,45,WORK DAYS,20101013,20110311,44
C18285,10,WORK DAYS,20110609,20110624,6
C17442,35,WORK DAYS,20110518,20120427,49
C17764,60,WORK DAYS,20110513,20110916,61
C17604,25,WORK DAYS,20100920,20110114,38
C17243,45,WORK DAYS,20090921,20091202,46
C16386,90,WORK DAYS,20090612,20100920,105
C17070,131,FIXED COMPLETION DATE,20090622,20111031,17
C18003,60,WORK DAYS,20110304,20110824,70
C17261,766,FIXED COMPLETION DATE,20090529,20111015,31
C17183,25,WORK DAYS,20090616,20091103,16
C17031,130,WORK DAYS,20090818,20100616,128
C18434,50,WORK DAYS,20111010,20120113,42
C16376,180,WORK DAYS,20110919,20121116,163
C18042,120,WORK DAYS,20110829,20130109,76
C18274,30,WORK DAYS,20110714,20111130,32
C18275,30,WORK DAYS,20110520,20111005,30
C12623,395,WORK DAYS,20060920,20110407,439
C16042A,932,FIXED COMPLETION DATE,20080513,20111201,29
C15751,50,WORK DAYS,20080604,20081028,50
C16878,65,WORK DAYS,20090726,20091120,54
C17208,15,WORK DAYS,20100630,20100716,10
C17366,40,WORK DAYS,20100505,20100702,36
C17498,18,WORK DAYS,20100503,20100604,19
C17198,34,WORK DAYS,20090810,20100507,32
C17683,121,FIXED COMPLETION DATE,20100506,20100909,2
C17263,75,WORK DAYS,20100518,20110627,102
C17530,107,FIXED COMPLETION DATE,20100506,20100901,3
C17358,473,FIXED COMPLETION DATE,20110801,20121102,28
C18160,278,FIXED COMPLETION DATE,20110815,20120511,26
C18083,352,WORK DAYS,20110926,20150301,335
C18603,304,FIXED COMPLETION DATE,20110803,20130828,17
C16618,35,WORK DAYS,20080320,20081113,25
C17271,200,WORK DAYS,20090916,20100929,172
C17195,32,WORK DAYS,20090929,20100521,23
C16737,30,WORK DAYS,20091019,20100602,40
C17622,157,WORK DAYS,20100301,20110223,153
C17665,110,WORK DAYS,20100405,20110215,145
C17033,70,WORK DAYS,20100706,20110425,93
C17006,64,FIXED COMPLETION DATE,20100322,20100524,64
C16696,365,CALENDAR DAYS,20100511,20120611,479
C17672R,310,FIXED COMPLETION DATE,20101230,20111108,33
C16275,225,WORK DAYS,20110131,20120423,226
C17969,40,WORK DAYS,20110621,20110801,36
C17902,40,WORK DAYS,20110523,20111216,77
C18148,55,WORK DAYS,20110713,20110929,56
C18012,120,WORK DAYS,20110718,20120803,130
C17700,65,WORK DAYS,20110620,20111007,67
C17024,357,CALENDAR DAYS,20091012,20101102,391
C17303,267,FIXED COMPLETION DATE,20100226,20110606,452
C17170,500,WORK DAYS,20100401,20140618,504
C17489,90,CALENDAR DAYS,20100317,20100523,68
C17437,100,WORK DAYS,20101108,20111117,119
C17642,15,WORK DAYS,20101018,20101123,14
C17857,110,WORK DAYS,20100927,20110817,100
C17636R,124,FIXED COMPLETION DATE,20110314,20110729,15
C18081,250,WORK DAYS,20110207,20130829,243
C18131,245,WORK DAYS,20110314,20130204,216
C17783-ALT,730,CALENDAR DAYS,20110411,20160720,606
C17619,50,WORK DAYS,20110606,20110907,52
C17658,50,WORK DAYS,20110725,20120406,50
C16639,360,CALENDAR DAYS,20110801,20150722,416
C18284,85,WORK DAYS,20110809,20120523,75
C18044,54,WORK DAYS,20110727,20111123,59
C17616,70,WORK DAYS,20100226,20100827,56
C17691,20,WORK DAYS,20100411,20101222,20
C16417,385,CALENDAR DAYS,20100607,20111117,421
C17685,55,WORK DAYS,20100802,20101203,76
C16700,90,WORK DAYS,20101117,20120518,113
C17008,30,WORK DAYS,20090623,20091006,36
C17192,40,WORK DAYS,20090713,20090930,40
C17167,74,WORK DAYS,20090705,20100526,101
C18029,55,WORK DAYS,20110418,20110825,68
C17012,60,FIXED COMPLETION DATE,20090804,20091028,2
C17187,502,FIXED COMPLETION DATE,20090616,20101029,161
C17174,442,FIXED COMPLETION DATE,20090717,20101112,8
C18031,35,WORK DAYS,20110725,20110914,34
C17110,130,WORK DAYS,20091015,20101105,146
C16891,114,FIXED COMPLETION DATE,20090716,20091202,5
C16625,20,WORK DAYS,20090720,20100521,24
C17533,125,WORK DAYS,20100602,20110627,153
C16957,33,WORK DAYS,20090519,20100407,31
C16767,65,WORK DAYS,20090713,20091105,77
C17014,100,WORK DAYS,20090602,20100927,206
C17100,40,WORK DAYS,20090803,20091016,42
C17282,455,FIXED COMPLETION DATE,20100226,20110909,234
C17391,135,WORK DAYS,20100329,20101026,133
C17316,75,WORK DAYS,20100311,20101118,87
C17072,66,WORK DAYS,20090812,20090409,89
C17648,83,WORK DAYS,20100518,20110215,119
C17254R,20,WORK DAYS,20100518,20100812,17
C16766,20,WORK DAYS,20100520,20100630,20
C17117,50,WORK DAYS,20090803,20100401,49
C15901,86,FIXED COMPLETION DATE,20090831,20100501,5
C17202,60,WORK DAYS,20090905,20100125,48
C17013,35,WORK DAYS,20090915,20091210,14
C16948,65,WORK DAYS,20090601,20091001,52
C17779,30,WORK DAYS,20100922,20101202,37
C12854,192,WORK DAYS,20091109,20100722,141
C16689,110,WORK DAYS,20091102,20100603,110
C17620,33,WORK DAYS,20100311,20100916,40
C17738A,120,WORK DAYS,20101013,20110925,125
C17734,276,CALENDAR DAYS,20101018,20111006,295
C17847,100,WORK DAYS,20101105,20120905,181
C17690,25,WORK DAYS,20100519,20101015,21
C18055,129,FIXED COMPLETION DATE,20110118,20110620,8
C18022,100,WORK DAYS,20110224,20110913,91
C17770,180,CALENDAR DAYS,20110110,20120501,116
C17253,50,WORK DAYS,20100308,20100526,56
C17670,464,FIXED COMPLETION DATE,20100726,20111024,13
C17668,283,FIXED COMPLETION DATE,20100818,20111015,386
C17671,117,FIXED COMPLETION DATE,20100719,20101123,102
C17242,354,FIXED COMPLETION DATE,20091112,20101231,7
C17617A,209,FIXED COMPLETION DATE,20100406,20101019,7
C17357,114,FIXED COMPLETION DATE,20100325,20100628,50
C17693,25,WORK DAYS,20100728,20101011,17
C17353,354,FIXED COMPLETION DATE,20101026,20121130,17
C17545,110,FIXED COMPLETION DATE,20100514,20111007,6
C17949,23,WORK DAYS,20100927,20101115,24
C17684,138,FIXED COMPLETION DATE,20101215,20110429,53
C17767,177,WORK DAYS,20110314,20120424,204
C17953,60,WORK DAYS,20110321,20111021,54
C17824,40,WORK DAYS,20110324,20110811,33
C17184,30,WORK DAYS,20110518,20110624,39
C17600,80,WORK DAYS,20100913,20101120,50
C18093,30,WORK DAYS,20110608,20110727,25
C17766,108,CALENDAR DAYS,20110602,20111213,187
C18059,199,FIXED COMPLETION DATE,20110316,20120911,9
C17711,60,WORK DAYS,20100709,20101105,50
C17015,45,WORK DAYS,20100621,20101118,42
C17701,158,FIXED COMPLETION DATE,20100615,20101206,8
C16989,120,FIXED COMPLETION DATE,20100618,20101101,6
C15697,95,WORK DAYS,20110131,20110822,82
C17066,526,FIXED COMPLETION DATE,20090612,20101029,18
C15575,290,WORK DAYS,20090608,20110107,290
C17248,400,WORK DAYS,20090706,20101220,298
C18046,90,WORK DAYS,20110714,20111215,98
C15052,45,WORK DAYS,20090626,20091014,42
C17051,30,WORK DAYS,20090729,20090916,30
C16998R,105,FIXED COMPLETION DATE,20090803,20091113,6
C17694,45,WORK DAYS,20110420,20110907,46
C17190,40,WORK DAYS,20090810,20091201,44
C17016,30,WORK DAYS,20090914,20091120,32
C17332,76,FIXED COMPLETION DATE,20090717,20100330,40
C17318,160,CALENDAR DAYS,20100629,20110630,265
C17249,125,WORK DAYS,20090622,20100610,123
C16170,540,CALENDAR DAYS,20090629,20101220,525
C15511,113,WORK DAYS,20090609,20100625,104
C16819,200,WORK DAYS,20090602,20101026,203
C15653,100,WORK DAYS,20100606,20110126,107
C17669,100,WORK DAYS,20100622,20110921,176
C17837,55,CALENDAR DAYS,20100322,20100519,60
C17118,40,WORK DAYS,20090808,20100323,38
C17409,40,WORK DAYS,20100719,20100929,40
C16657,350,WORK DAYS,20100621,20130830,353
C17692,35,WORK DAYS,20100726,20101027,28
C17245,225,WORK DAYS,20090831,20120229,206
C16762,35,WORK DAYS,20090919,20100405,64
C17269,160,WORK DAYS,20090903,20100827,164
C17407,50,WORK DAYS,20090907,20100728,50
C17144,40,WORK DAYS,20090713,20090903,33
C16273,45,WORK DAYS,20091109,20100521,51
C16390,151,WORK DAYS,20100125,20101217,166
C16991,11,FIXED COMPLETION DATE,20091208,20100303,4
C17615,70,WORK DAYS,20100614,20101230,95
C16357,420,WORK DAYS,20101129,20161007,545
C17046,242,FIXED COMPLETION DATE,20101101,20110923,11
C17635,203,FIXED COMPLETION DATE,20110210,20110913,1
C17679-ALT,440,WORK DAYS,20100614,20130426,410
C17846,160,WORK DAYS,20110301,20110909,125
C17583,444,WORK DAYS,20110301,20150610,441
C17280,239,FIXED COMPLETION DATE,20110308,20110930,9
C16555,135,WORK DAYS,20090928,20111019,138
C17163,35,WORK DAYS,20100809,20101105,36
C17410,40,WORK DAYS,20100818,20101026,40
C17698,128,FIXED COMPLETION DATE,20100726,20111115,69
C17416,47,WORK DAYS,20100322,20100613,34
C17674,50,WORK DAYS,20101001,20110603,48
C17477,47,FIXED COMPLETION DATE,20100830,20101015,3
C17264,35,WORK DAYS,20100726,20110928,70
C17952,80,WORK DAYS,20101108,20110610,81
C18047,30,WORK DAYS,20110502,20110819,26
C18212,171,FIXED COMPLETION DATE,20110314,20110812,8
C17823,65,WORK DAYS,20110401,20110701,63
C18186,90,WORK DAYS,20110207,20110912,25
C17021,150,WORK DAYS,20110601,20130507,156
C17361,80,WORK DAYS,20110606,20111027,87
C18268,100,FIXED COMPLETION DATE,20110524,20110930,2
C17916,7,WORK DAYS,20100817,20100901,4
C16212,550,WORK DAYS,20110506,20130920,547
C17788,131,FIXED COMPLETION DATE,20110516,20110922,4
C18045,60,WORK DAYS,20110622,20110916,48
C14089-ALT,95,WORK DAYS,20090924,20100714,106
C17518,40,WORK DAYS,20100624,20110707,49
C17451,250,WORK DAYS,20100629,20110818,240
C17654,113,FIXED COMPLETION DATE,20100730,20110527,10
C18234,39,CALENDAR DAYS,20101115,20101214,27
C17099,74,FIXED COMPLETION DATE,20090602,20090826,4
C17191,50,WORK DAYS,20090601,20091006,59
C17116,18,WORK DAYS,20090609,20090716,19
C18263,80,WORK DAYS,20110527,20111206,19
C17304,114,FIXED COMPLETION DATE,20090803,20091120,9
C16982,60,WORK DAYS,20090722,20091217,78
C16941,60,WORK DAYS,20091026,20100412,58
C17667,180,WORK DAYS,20110427,20120423,158
C16068,155,WORK DAYS,20090604,20101223,150
C17256,400,CALENDAR DAYS,20090709,20110207,509
C17344A,90,WORK DAYS,20090622,20101008,73
C17113,160,WORK DAYS,20100808,20111020,189
C17145,55,WORK DAYS,20090612,20091106,52
C16968,45,WORK DAYS,20090629,20090916,46
C17214,70,WORK DAYS,20090720,20100607,76
C17115,72,WORK DAYS,20090620,20100114,82
C15835,75,WORK DAYS,20100510,20110527,228
C17546,168,FIXED COMPLETION DATE,20100416,20110328,8
C17168,151,WORK DAYS,20100602,20110915,169
C16967,70,WORK DAYS,20090811,20100816,86
C17717,48,WORK DAYS,20100524,20101015,63
C17746,85,WORK DAYS,20100628,20111110,128
C17655,35,WORK DAYS,20100618,20100926,47
C17169,135,WORK DAYS,20090713,20100922,141
C17109,45,WORK DAYS,20090921,20100419,61
C17140,60,FIXED COMPLETION DATE,20090915,20091113,2
C17048,35,WORK DAYS,20090915,20100920,32
C16909R,25,WORK DAYS,20090720,20090930,35
C17172,277,FIXED COMPLETION DATE,20091201,20100910,12
C17010,163,FIXED COMPLETION DATE,20091216,20100625,7
C15827,291,WORK DAYS,20100122,20121204,290
C18283,82,FIXED COMPLETION DATE,20120730,20121116,11
C17641R,180,WORK DAYS,20120802,20131127,156
C16751,57,FIXED COMPLETION DATE,20120905,20121102,5
C18747,42,WORK DAYS,20120819,20130213,43
C18856,40,WORK DAYS,20121113,20130315,39
C19005,16,WORK DAYS,20121020,20121212,17
C19038,50,WORK DAYS,20121003,20121226,36
C18752,15,WORK DAYS,20130107,20130308,16
C18455,75,WORK DAYS,20121113,20130530,70
C18696,45,WORK DAYS,20130201,20130530,45
C18728,25,WORK DAYS,20121101,20130528,24
C18845,40,WORK DAYS,20121106,20130510,36
C15494,37,FIXED COMPLETION DATE,20111025,20120509,4
C18125R,80,WORK DAYS,20111023,20120427,83
C17807,50,WORK DAYS,20111019,20120720,60
C18320,48,WORK DAYS,20111021,20120801,82
C18586,10,FIXED COMPLETION DATE,20130528,20140630,7
C18782,429,FIXED COMPLETION DATE,20120829,20131028,2
C19017R,72,FIXED COMPLETION DATE,20121018,20121113,2
C19193,8,WORK DAYS,20121107,20130213,1
C18610,65,WORK DAYS,20130114,20130523,55
C18929R,70,WORK DAYS,20130617,20131030,59
C19035,200,WORK DAYS,20121218,20140328,204
C17835,60,WORK DAYS,20121213,20130829,57
C18556,189,WORK DAYS,20130204,20131008,166
C18671,135,FIXED COMPLETION DATE,20121217,20130531,8
C19008,769,CALENDAR DAYS,20130201,0,22
C18460,33,FIXED COMPLETION DATE,20111017,20111209,35
C17860,413,FIXED COMPLETION DATE,20111115,20121231,21
C18035,45,WORK DAYS,20120320,20120611,50
C16650,90,WORK DAYS,20120103,20120906,72
C18080,120,WORK DAYS,20121203,20130916,135
C18254,77,WORK DAYS,20121203,20130808,126
C18461,140,WORK DAYS,20121203,20130708,141
C18224,154,WORK DAYS,20121105,20140724,171
C18824,45,WORK DAYS,20130617,20131018,53
C18841,311,WORK DAYS,20130213,20140702,283
C17821,140,WORK DAYS,20130125,20140124,177
C18314,15,WORK DAYS,20130708,20130827,12
C19216,45,WORK DAYS,20130103,20140601,52
C17735,240,WORK DAYS,20130408,20140911,240
C19338,30,WORK DAYS,20130708,20130809,22
C18853A,282,FIXED COMPLETION DATE,20130130,20130203,9
C18099,308,FIXED COMPLETION DATE,20111230,20130203,11
C18369R,57,WORK DAYS,20120430,20120726,57
C18288,95,FIXED COMPLETION DATE,20120619,20120830,6
C18692,72,CALENDAR DAYS,20111222,20120524,29
C18149,270,FIXED COMPLETION DATE,20121105,20150701,128
C19034,100,WORK DAYS,20121105,20130628,104
C19377,24,WORK DAYS,20121105,20121120,12
C19033R,55,WORK DAYS,20130617,20140717,56
C18138,260,CALENDAR DAYS,20130219,20131119,256
C19197,214,CALENDAR DAYS,20130304,20131031,38
C15402,350,WORK DAYS,20130304,20150624,388
C18672,35,WORK DAYS,20130226,20130605,35
C18849,140,WORK DAYS,20130320,20131015,134
C18669,165,WORK DAYS,20130317,20140613,208
C18821,131,FIXED COMPLETION DATE,20130408,20131003,14
C18247,140,WORK DAYS,20130318,20140905,135
C18220,320,WORK DAYS,20120227,20150930,316
C18154,452,WORK DAYS,20120110,20130802,380
C17083,528,WORK DAYS,20120312,20150823,784
C18451,145,WORK DAYS,20130201,20131015,145
C18955R,150,WORK DAYS,20121224,20131215,150
C18733,65,WORK DAYS,20130325,20130730,54
C18221,45,WORK DAYS,20130204,20130819,43
C18996,74,WORK DAYS,20130422,20130829,81
C18894,175,WORK DAYS,20130408,20131122,166
C19311,30,WORK DAYS,20130422,20130617,28
C19036,386,FIXED COMPLETION DATE,20130312,20140401,27
C18780,50,WORK DAYS,20130513,20140926,64
C19237,25,WORK DAYS,20150202,20150422,24
C19266,40,WORK DAYS,20130513,20140620,45
C18842,300,WORK DAYS,20130301,20160826,1
C18478,30,WORK DAYS,20120506,20120918,30
C18732,151,FIXED COMPLETION DATE,20120402,20121025,8
C18109,42,WORK DAYS,20120307,20120629,44
C19303,94,CALENDAR DAYS,20130325,20130619,81
C18784,45,WORK DAYS,20130211,20130604,37
C19252,66,FIXED COMPLETION DATE,20130429,20131227,9
C19342,30,WORK DAYS,20130304,20130919,41
C18737,124,FIXED COMPLETION DATE,20130415,20131017,34
C18900,26,FIXED COMPLETION DATE,20130506,20130531,1
C18904,25,WORK DAYS,20130429,20130829,23
C18449,70,WORK DAYS,20130610,20131031,64
C19462,34,WORK DAYS,20130225,20130513,40
C17818,110,WORK DAYS,20130325,20131219,100
C18456,125,WORK DAYS,20130415,20131022,125
C18906,50,WORK DAYS,20130326,20130826,49
C19258,71,WORK DAYS,20130529,20131212,104
C18276,38,CALENDAR DAYS,20120302,20120622,35
C17138-ALT,125,WORK DAYS,20120514,20121030,109
C18010,123,WORK DAYS,20120405,20121107,128
C17988,150,WORK DAYS,20120409,20140112,247
C18613,50,WORK DAYS,20130401,20130730,36
C18264,194,FIXED COMPLETION DATE,20130415,20131113,9
C18825,73,WORK DAYS,20130401,20130820,72
C18806,35,WORK DAYS,20130528,20130722,33
C18269,105,CALENDAR DAYS,20120615,20121020,106
C18445,206,FIXED COMPLETION DATE,20120208,20120831,9
C18315,15,WORK DAYS,20120723,20120810,10
C17637,88,FIXED COMPLETION DATE,20110705,20120214,7
C17884,70,WORK DAYS,20110705,20111116,59
C18070,270,CALENDAR DAYS,20110912,20140826,282
C17537,255,CALENDAR DAYS,20110729,20150401,257
C18203,160,WORK DAYS,20111115,20121218,180
C18597,30,WORK DAYS,20120529,20120615,16
C18414,40,CALENDAR DAYS,20120213,20121221,40
C17716,25,WORK DAYS,20120212,20120507,23
C18082,290,WORK DAYS,20120529,20151125,336
C18278,51,WORK DAYS,20120803,20121207,52
C18896,30,WORK DAYS,20120810,20130118,29
C19222,20,CALENDAR DAYS,20120718,20120817,24
C18208,120,WORK DAYS,20130429,20140515,155
C19144,80,WORK DAYS,20130605,20131103,74
C18903,45,WORK DAYS,20130610,20130807,40
C19329,80,WORK DAYS,20130506,20130815,64
C17718,540,CALENDAR DAYS,20110815,20130607,594
C18176,140,WORK DAYS,20110906,20120817,101
C18693,20,WORK DAYS,20110825,20111031,14
C17148,60,WORK DAYS,20110728,20120411,64
C18230,44,WORK DAYS,20120429,20120723,34
C18187,160,WORK DAYS,20120409,20121121,168
C18103,22,WORK DAYS,20120305,20120802,23
C18312R,50,WORK DAYS,20120326,20120823,68
C17815,100,WORK DAYS,20120109,20120515,92
C18537,107,FIXED COMPLETION DATE,20120403,20120727,7
C18075,110,WORK DAYS,20111123,20120625,76
C18444,18,FIXED COMPLETION DATE,20120213,20120315,23
C18823,50,CALENDAR DAYS,20120326,20120505,39
C18287,169,FIXED COMPLETION DATE,20120416,20120925,6
C18776,40,WORK DAYS,20120423,20121201,42
C17827,70,WORK DAYS,20120301,20120816,65
C18667,92,FIXED COMPLETION DATE,20110831,20111208,1
C17393R,35,WORK DAYS,20110818,20111020,26
C18360,29,WORK DAYS,20110923,20111219,26
C18218,251,FIXED COMPLETION DATE,20111009,20120618,8
C18282,225,FIXED COMPLETION DATE,20120521,20130517,11
C18775,50,WORK DAYS,20120611,20121105,50
C18295-ALT,70,WORK DAYS,20120514,20120822,66
C18338,90,WORK DAYS,20120507,20130603,64
C18313,15,WORK DAYS,20120611,20120622,7
C11873,431,WORK DAYS,20111205,20150417,462
C18356,58,WORK DAYS,20120108,20120502,52
C18640,264,CALENDAR DAYS,20120206,20121115,263
C18145,90,WORK DAYS,20120510,20120924,97
C18323,423,FIXED COMPLETION DATE,20120405,20130601,398
C17987,100,WORK DAYS,20120411,20130117,149
C18822,100,WORK DAYS,20120604,20121024,100
C17811,34,WORK DAYS,20111114,20120120,33
C18139,137,FIXED COMPLETION DATE,20110816,20150401,7
C18141,33,FIXED COMPLETION DATE,20110919,20111107,3
C17495,81,WORK DAYS,20110816,20120113,54
C18797,110,WORK DAYS,20120529,20131001,148
C18560,70,WORK DAYS,20120224,20121003,86
C18758,100,WORK DAYS,20120511,20121030,65
C18644,40,WORK DAYS,20120528,20130131,34
C18023,129,WORK DAYS,20120326,20120831,85
C18443,51,FIXED COMPLETION DATE,20120326,20120511,29
C18722,60,FIXED COMPLETION DATE,20120501,20121130,26
C16697,100,WORK DAYS,20120813,20130607,95
C18018A,227,FIXED COMPLETION DATE,20120319,20130208,13
C18561,60,WORK DAYS,20120416,20120710,60
C18243,50,WORK DAYS,20120625,20130626,41
C18735,30,WORK DAYS,20120610,20120918,30
C18142,45,WORK DAYS,20110718,20120207,49
C18077,20,WORK DAYS,20110901,20111006,20
C18034,210,WORK DAYS,20110808,20130318,203
C16679,240,WORK DAYS,20110808,20150114,238
C15790A,500,WORK DAYS,20120109,20151027,496
C18657,50,WORK DAYS,20120917,20130113,59
C18622,20,WORK DAYS,20120508,20121029,17
C18025,42,WORK DAYS,20120722,20140723,38
C18538,60,WORK DAYS,20120615,20120917,74
C18596,81,FIXED COMPLETION DATE,20120515,20121005,15
C18231,200,FIXED COMPLETION DATE,20120501,20130523,40
C18226,75,WORK DAYS,20120905,20140811,79
C18321,144,FIXED COMPLETION DATE,20120730,20131112,6
C17137,90,WORK DAYS,20120329,20130326,72
C17964R,65,WORK DAYS,20120326,20120827,65
C17825,110,WORK DAYS,20120617,20140107,113
C17777,40,CALENDAR DAYS,20110808,20111021,53
C17647,75,WORK DAYS,20110821,20120619,61
C18094,80,WORK DAYS,20111017,20121015,69
C15898,383,FIXED COMPLETION DATE,20110815,20121109,144
C15042,170,WORK DAYS,20120504,20130904,169
C17757,250,WORK DAYS,20120604,20131211,266
C18727,67,WORK DAYS,20120530,20131009,118
C18658,82,FIXED COMPLETION DATE,20120709,20130521,217
C18862,90,WORK DAYS,20120624,20121217,90
C18242,165,WORK DAYS,20120618,20131029,169
C19018,30,WORK DAYS,20120624,20120803,28
C18380R,40,WORK DAYS,20120620,20121002,66
C18053,138,WORK DAYS,20120904,20130517,110
C18691,39,WORK DAYS,20120521,20121001,28
C18677,55,WORK DAYS,20120806,20130506,61
C18376,50,WORK DAYS,20120604,20121019,64
C18052,40,WORK DAYS,20110801,20120530,47
C18412,30,WORK DAYS,20110816,20111005,19
C17999,60,WORK DAYS,20111024,20120124,61
C18049,25,WORK DAYS,20110823,20120217,27
C18050,25,WORK DAYS,20120611,20130607,26
C18334,147,FIXED COMPLETION DATE,20120607,20121113,6
C18648,156,FIXED COMPLETION DATE,20120530,20130129,16
C18021,120,WORK DAYS,20120606,20130205,126
C18432-ALT,115,WORK DAYS,20120625,20121227,101
C18106,30,WORK DAYS,20120622,20121123,28
C18530,82,WORK DAYS,20120709,20130819,123
C18905,101,FIXED COMPLETION DATE,20120822,20130820,71
C18317,131,FIXED COMPLETION DATE,20120723,20130501,74
C18866,25,WORK DAYS,20120904,20121016,25
C18354,47,FIXED COMPLETION DATE,20120917,20121010,2
C16664,90,WORK DAYS,20120917,20131104,141
C18140,25,WORK DAYS,20120319,20120430,27
C18024,130,WORK DAYS,20110919,20120623,123
C18670,100,WORK DAYS,20110824,20120801,63
C18257A,50,WORK DAYS,20110817,20120706,59
C17936,30,WORK DAYS,20120827,20121019,25
C18371,130,WORK DAYS,20120723,20130826,95
C18349,100,WORK DAYS,20120608,20121023,95
C18789R,163,FIXED COMPLETION DATE,20120614,20130408,6
C16884,141,WORK DAYS,20120901,20140103,166
C18297,93,WORK DAYS,20121001,20140117,188
C18219,40,WORK DAYS,20120826,20131104,38
C18883R,45,WORK DAYS,20120901,20130521,28
C18864,72,FIXED COMPLETION DATE,20120924,20130507,54
C19239,50,WORK DAYS,20120904,20121113,32
C18627,157,FIXED COMPLETION DATE,20120828,20130426,9
C19280,3,CALENDAR DAYS,20120816,20120817,3
C18262,65,WORK DAYS,20110831,20120828,66
C18163,399,FIXED COMPLETION DATE,20110929,20121031,2
C18293,30,WORK DAYS,20110930,20120912,28
C18177,130,WORK DAYS,20111019,20120525,136
C18781,70,WORK DAYS,20120716,20130402,65
C18442,72,WORK DAYS,20120715,20121204,68
C17889,50,WORK DAYS,20120820,20130606,81
C18290,180,FIXED COMPLETION DATE,20120619,20130502,19
C18532,110,WORK DAYS,20121001,20130923,128
C19241,78,FIXED COMPLETION DATE,20120806,20121024,4
C19261,10,CALENDAR DAYS,20120813,20130222,12
C18013,250,WORK DAYS,20120904,20150918,232
C18899-ALT,190,WORK DAYS,20120919,20131203,236
C18647T,80,WORK DAYS,20120921,20130312,35
C19066,20,WORK DAYS,20120924,20121212,23
C18162,415,CALENDAR DAYS,20120904,20131022,407
C19478A,377,FIXED COMPLETION DATE,20141020,0,7
C19037,281,FIXED COMPLETION DATE,20141225,20160925,16
C19898,30,WORK DAYS,20141013,20150819,61
C20189,50,WORK DAYS,20150316,20150909,56
C20217,50,WORK DAYS,20140922,20150901,53
C19766,65,WORK DAYS,20141013,20160113,64
C19915R,170,WORK DAYS,20140831,20160819,162
C20098,145,WORK DAYS,20140821,20150918,145
C20306,515,FIXED COMPLETION DATE,20140715,20160829,295
C18858RB,152,FIXED COMPLETION DATE,20140317,20141111,8
C18159R,663,FIXED COMPLETION DATE,20140811,0,441
C19708,118,FIXED COMPLETION DATE,20140731,20150619,6
C20320,10,WORK DAYS,20140604,20140620,10
C20364,65,FIXED COMPLETION DATE,20140922,20141106,3
C20307,355,FIXED COMPLETION DATE,20140912,0,29
C20387,65,WORK DAYS,20150914,20151123,51
C20413,58,WORK DAYS,20141030,20161017,1
C19304-COMBO,120,FIXED COMPLETION DATE,20150325,20150930,9
C19662,75,WORK DAYS,20141002,20151230,70
C19764,197,FIXED COMPLETION DATE,20141016,0,187
C18085,438,FIXED COMPLETION DATE,20140909,20160218,19
C19897,60,WORK DAYS,20140818,20161118,84
C19204,50,WORK DAYS,20140818,20141103,49
C18155-COMBO,265,WORK DAYS,20141002,20160718,264
C19166R,120,WORK DAYS,20150504,20160521,154
C20463,55,CALENDAR DAYS,20141103,20141231,52
C20500,25,WORK DAYS,20141008,20141029,16
C18972R,233,FIXED COMPLETION DATE,20150219,20151112,141
C19522,245,CALENDAR DAYS,20141128,20160815,323
C19171R,79,FIXED COMPLETION DATE,20140813,20141121,6
C20123,141,WORK DAYS,20140922,20150924,179
C19590,90,WORK DAYS,20141008,20151026,69
C16698,210,FIXED COMPLETION DATE,20150406,20151030,39
C19730R,59,WORK DAYS,20141120,20151209,70
C17810,741,FIXED COMPLETION DATE,20141022,20160921,17
C19373,332,FIXED COMPLETION DATE,20150805,20160929,10
C19589S,43,WORK DAYS,20141021,20141209,32
C19406,35,WORK DAYS,20140811,20150715,37
C19633,100,WORK DAYS,20140602,20141030,100
C19704,20,WORK DAYS,20140625,20140709,7
C20097,60,WORK DAYS,20140602,20140918,63
C19431R,128,WORK DAYS,20141001,20151221,137
C20166,94,FIXED COMPLETION DATE,20141203,0,90
C20202,80,WORK DAYS,20141103,20161117,118
C20287,131,FIXED COMPLETION DATE,20150601,20160728,176
C18367,310,WORK DAYS,20150126,20161121,274
C20158R,52,WORK DAYS,20150112,20151020,51
C19173,129,FIXED COMPLETION DATE,20150520,20151008,9
C19910,855,FIXED COMPLETION DATE,20150330,0,122
C19763R,100,WORK DAYS,20140821,20150429,98
C20106R,115,WORK DAYS,20150105,20150824,97
C19803,80,WORK DAYS,20150209,20160112,34
C19751,275,WORK DAYS,20150129,20161109,318
C18908-COMBO,400,WORK DAYS,20150318,0,550
C19086R,117,FIXED COMPLETION DATE,20150720,20151102,5
C19279,45,WORK DAYS,20150720,20160414,49
C19440,35,WORK DAYS,20150722,20151119,38
C20168,250,FIXED COMPLETION DATE,20150223,20160816,13
C18340R,80,WORK DAYS,20150413,20161031,98
C19007,235,FIXED COMPLETION DATE,20150324,20151113,10
C19356R,110,WORK DAYS,20150131,20150923,104
C20085,105,WORK DAYS,20150420,20160523,158
C20124R,91,WORK DAYS,20150601,20151022,75
C20305,100,WORK DAYS,20150413,20151208,101
C19760R,50,WORK DAYS,20150317,20151210,64
C18204,395,WORK DAYS,20140609,0,426
C19900,58,WORK DAYS,20140422,20140917,59
C18970,45,WORK DAYS,20140908,20141121,45
C19388,80,WORK DAYS,20140421,20140916,66
C19315,80,WORK DAYS,20131014,20160711,80
C17627,120,WORK DAYS,20150202,20150728,121
C17890,146,FIXED COMPLETION DATE,20140508,20160209,10
C18333R,180,FIXED COMPLETION DATE,20140519,20150327,9
C19203,97,WORK DAYS,20130513,20141212,170
C19281,24,WORK DAYS,20130512,20130705,23
C18783,30,WORK DAYS,20130517,20140115,29
C18902,20,WORK DAYS,20130605,20130703,18
C17800S,130,WORK DAYS,20140421,20151203,170
C18620,60,WORK DAYS,20140404,20141117,57
C19082,80,WORK DAYS,20140505,20141202,119
C19217,118,FIXED COMPLETION DATE,20140721,20141114,10
C19248,131,FIXED COMPLETION DATE,20130701,20140820,15
C18837,35,WORK DAYS,20130603,20140825,32
C18892R,124,FIXED COMPLETION DATE,20130930,20160126,234
C19555,60,WORK DAYS,20130819,20140606,32
C19312,85,WORK DAYS,20130708,20131127,79
C18465,200,WORK DAYS,20130620,20141223,296
C19229,100,WORK DAYS,20130624,20140702,97
C19019,95,WORK DAYS,20130523,20140411,148
C19332,92,WORK DAYS,20130610,20140110,129
C18623,65,WORK DAYS,20130617,20131213,67
C19441,109,WORK DAYS,20130722,20141010,141
C19090,60,WORK DAYS,20140317,20160627,62
C18147,425,CALENDAR DAYS,20131106,0,442
C19702,100,WORK DAYS,20140324,20141028,96
C19637,9,WORK DAYS,20131216,20131219,4
C19879,402,FIXED COMPLETION DATE,20140312,20150415,60
C19051,81,CALENDAR DAYS,20130819,20131028,71
C19336,74,WORK DAYS,20130826,20140402,71
C17193,110,WORK DAYS,20130916,20140512,121
C18756,25,WORK DAYS,20130916,20131018,23
C19122,100,WORK DAYS,20140224,20150606,116
C18695,550,WORK DAYS,20130930,0,655
C18132R,85,WORK DAYS,20130912,20170227,80
C18206,375,WORK DAYS,20140113,20150909,368
C19125,60,WORK DAYS,20130603,20130930,61
C16439,200,WORK DAYS,20130424,20151027,250
C19227,80,WORK DAYS,20130805,20140505,59
C19326,16,WORK DAYS,20130923,20131101,15
C18770,255,WORK DAYS,20130610,20141010,275
C18771,130,WORK DAYS,20130628,20140411,122
C18971,60,WORK DAYS,20130605,20130916,50
C19014,140,WORK DAYS,20130610,20140228,144
C19107,109,FIXED COMPLETION DATE,20130730,20131202,95
C18618,180,WORK DAYS,20130903,20141106,15
C18152,159,CALENDAR DAYS,20130624,20151009,139
C18861R,105,CALENDAR DAYS,20130722,20131223,144
C19083R,150,WORK DAYS,20140128,20140828,96
C18889,506,WORK DAYS,20140805,0,582
C19067,80,WORK DAYS,20140616,20141215,67
C19095,75,WORK DAYS,20140523,20141008,78
C18897,65,WORK DAYS,20130617,20131021,62
C18736,70,WORK DAYS,20130610,20131213,74
C17558,144,FIXED COMPLETION DATE,20130610,20131218,13
C19314,70,WORK DAYS,20130722,20140709,74
C17951R-ALT,120,WORK DAYS,20130805,20140730,120
C19199,90,WORK DAYS,20130715,20140228,64
C19733,88,FIXED COMPLETION DATE,20140128,20150519,81
C19355R,15,WORK DAYS,20131101,20131125,7
C19403,254,FIXED COMPLETION DATE,20130904,20140530,5
C19520,15,WORK DAYS,20130930,20131031,20
C19254,90,WORK DAYS,20131007,20140520,90
C19375,100,WORK DAYS,20131213,20140331,40
C18363R,109,FIXED COMPLETION DATE,20130429,20130927,111
C19358,110,WORK DAYS,20130523,20150220,265
C19275,120,WORK DAYS,20130601,20140701,139
C19249,40,WORK DAYS,20130603,20131227,26
C18843,142,WORK DAYS,20130603,20140709,155
C19737,7,WORK DAYS,20130729,20131112,4
C19065,65,WORK DAYS,20130908,20131206,45
C18895,273,FIXED COMPLETION DATE,20131101,20150713,155
C19351,443,FIXED COMPLETION DATE,20130715,20141220,7
C18180,354,WORK DAYS,20130723,0,364
C19052,128,FIXED COMPLETION DATE,20130725,20150601,9
C19899,30,WORK DAYS,20140428,20140626,29
C18965,27,WORK DAYS,20140303,20161116,24
C19586,166,FIXED COMPLETION DATE,20131216,20141230,167
C19299,72,FIXED COMPLETION DATE,20140421,20140801,19
C19563,50,WORK DAYS,20140616,20140729,28
C19177,43,WORK DAYS,20130618,20140221,191
C18185,35,WORK DAYS,20130729,20130920,36
C19110,25,WORK DAYS,20130624,20130807,28
C19323,75,WORK DAYS,20130714,20131116,79
C19341,200,WORK DAYS,20131118,0,348
C16259-ALT,360,WORK DAYS,20131025,20170530,522
C19786,20,WORK DAYS,20140112,20140401,12
C19054,155,WORK DAYS,20140217,20141015,159
C19901,41,WORK DAYS,20140417,20140808,44
C19919,140,WORK DAYS,20140421,20140711,58
C18558,240,CALENDAR DAYS,20140414,20150901,302
C19677,179,FIXED COMPLETION DATE,20140527,20150616,3
C18886,70,WORK DAYS,20140324,20140710,65
C19588,140,FIXED COMPLETION DATE,20140411,20140904,22
C19483,30,WORK DAYS,20140505,20140618,29
C19646,157,FIXED COMPLETION DATE,20140528,20141111,6
C19405,38,WORK DAYS,20140120,20150305,38
C18316,190,WORK DAYS,20140303,20151028,259
C19128,110,WORK DAYS,20140707,20150901,100
C19300,40,WORK DAYS,20140728,20140917,32
C19458,139,WORK DAYS,20140401,20151023,213
C19780,94,FIXED COMPLETION DATE,20140312,20141017,37
C19489,61,WORK DAYS,20140714,20141024,60
C18887,131,FIXED COMPLETION DATE,20140407,20140710,66
C19127,72,WORK DAYS,20140707,20150306,83
C19393,82,FIXED COMPLETION DATE,20140811,20141030,5
C19443,110,WORK DAYS,20140707,20150122,103
C19587,198,FIXED COMPLETION DATE,20140616,20150227,47
C19936,100,WORK DAYS,20140512,20141022,98
C17772,466,CALENDAR DAYS,20140502,20160621,826
C19655,180,FIXED COMPLETION DATE,20140505,20141027,8
C19557,140,WORK DAYS,20140728,0,107
C19585R,75,WORK DAYS,20140616,20141209,72
C19669,90,WORK DAYS,20140605,20141027,90
C19202,200,WORK DAYS,20140708,20151026,202
C19433R,45,WORK DAYS,20140710,20150105,41
C19769S,97,FIXED COMPLETION DATE,20140124,20141010,5
C19106R,55,WORK DAYS,20140324,20140421,19
C19459,271,FIXED COMPLETION DATE,20140310,20160622,15
C18337,148,WORK DAYS,20140616,0,133
C19776,120,WORK DAYS,20140714,20141010,65
C19935,115,FIXED COMPLETION DATE,20140625,20141022,11
C20134R,70,WORK DAYS,20140407,20140530,33
C18612,100,WORK DAYS,20140806,20150602,114
C19578,105,WORK DAYS,20140714,20150707,122
C20105,109,WORK DAYS,20140804,20141208,83
C18108,30,WORK DAYS,20140923,20141217,30
C18370,212,WORK DAYS,20141002,20160613,213
C20114,25,FIXED COMPLETION DATE,20140428,20140915,11
C19376,240,WORK DAYS,20140908,20150520,134
C19983R,90,WORK DAYS,20140813,20150424,88
C20110,50,WORK DAYS,20140923,20160321,64
C19914,148,FIXED COMPLETION DATE,20140514,20141205,6
C19806,4,FIXED COMPLETION DATE,20140627,20140822,9
C19913,117,FIXED COMPLETION DATE,20140707,20150604,10
C18151,290,WORK DAYS,20140703,20160504,292
C19472,86,WORK DAYS,20140728,20141031,68
C20144,690,FIXED COMPLETION DATE,20140727,0,8
C19798,45,WORK DAYS,20140902,20151015,43
C17866,625,WORK DAYS,20150427,0,475
C19380R,115,WORK DAYS,20141103,20151016,105
C19782,189,FIXED COMPLETION DATE,20140923,20160707,254
C19876R,61,FIXED COMPLETION DATE,20140922,20141020,30
C20068,220,WORK DAYS,20140926,20161118,283
C16602,441,WORK DAYS,20140818,0,355
C20146,66,FIXED COMPLETION DATE,20140723,20150710,16
C19191,60,WORK DAYS,20140915,20160407,63
C19273,185,WORK DAYS,20140825,20150730,194
C19476,248,FIXED COMPLETION DATE,20140910,20150513,13
C19671,85,WORK DAYS,20140729,20150114,85
C19767,39,WORK DAYS,20140707,20150119,42
C19877,90,WORK DAYS,20140702,20141024,72
C19735R,90,WORK DAYS,20150501,20151021,97
C20167,194,FIXED COMPLETION DATE,20150309,20150917,6
C12372R,633,WORK DAYS,20160125,0,278
C19908R,66,FIXED COMPLETION DATE,20160321,20160524,5
C19868,220,WORK DAYS,20160307,0,220
C19026R,35,FIXED COMPLETION DATE,20160527,20160622,3
C19399R,140,WORK DAYS,20160510,20170324,116
C19495A,180,WORK DAYS,20160601,0,130
C20634,124,FIXED COMPLETION DATE,20160711,20161028,4
C20699,55,WORK DAYS,20160606,20170405,50
C20857,40,WORK DAYS,20160524,20160810,43
C21094,178,FIXED COMPLETION DATE,20151007,20160401,1
C20113,50,WORK DAYS,20160410,20170427,68
C20583,190,WORK DAYS,20160414,0,150
C20696,240,FIXED COMPLETION DATE,20160315,20161021,6
C21267,80,WORK DAYS,20160509,20161019,82
C20102,189,FIXED COMPLETION DATE,20160425,20161029,10
C19959,27,WORK DAYS,20150921,20160919,24
C18840,60,WORK DAYS,20150928,20160629,50
C20243,115,WORK DAYS,20150828,0,87
C20687,236,FIXED COMPLETION DATE,20150928,20160526,1
C18158-COMBO,908,FIXED COMPLETION DATE,20160105,0,17
C19205-COMBO,943,FIXED COMPLETION DATE,20150201,0,599
C19456,65,WORK DAYS,20150420,20151123,135
C19500S,120,WORK DAYS,20150526,0,270
C19942,90,WORK DAYS,20150601,20160509,89
C20219,130,FIXED COMPLETION DATE,20150526,20150929,16
C19941,90,WORK DAYS,20150512,20151105,73
C19632,173,FIXED COMPLETION DATE,20150427,20151030,13
C19490RA,178,FIXED COMPLETION DATE,20160502,20161118,10
C20229-COMBO,210,WORK DAYS,20160621,0,146
C19384,175,FIXED COMPLETION DATE,20150511,20151019,10
C19565,120,WORK DAYS,20160301,0,131
C19909,60,WORK DAYS,20160815,20161214,80
C20263,170,WORK DAYS,20160314,20161209,170
C19652,190,FIXED COMPLETION DATE,20150312,20150630,7
C19654,187,FIXED COMPLETION DATE,20150402,20160930,12
C19860,150,WORK DAYS,20150324,20151130,133
C20368,86,FIXED COMPLETION DATE,20160808,20161028,5
C20548-ALT,122,FIXED COMPLETION DATE,20160615,20161012,10
C20089R,25,WORK DAYS,20150601,20150716,28
C20264,89,FIXED COMPLETION DATE,20150323,20150713,4
C20379,99,WORK DAYS,20150406,20151014,94
C19255-COMBO,86,WORK DAYS,20150526,20151204,109
C18807,65,WORK DAYS,20151002,20161110,106
C19549,65,WORK DAYS,20150915,20160606,64
C20688R,35,WORK DAYS,20150817,20151118,35
C20552R,78,WORK DAYS,20160405,20170607,115
C19397,74,FIXED COMPLETION DATE,20150908,20151124,69
C19228,70,WORK DAYS,20151210,20161019,95
C19772,60,WORK DAYS,20150706,20150923,50
C19958,90,WORK DAYS,20150720,20160526,85
C19282,110,WORK DAYS,20150601,20160909,193
C19471R,173,FIXED COMPLETION DATE,20150511,20160107,16
C19710,100,WORK DAYS,20150324,20151216,91
C19629,69,WORK DAYS,20150506,20151104,95
C20122,55,WORK DAYS,20150803,20160506,81
C20242,65,WORK DAYS,20150708,0,58
C20431,20,WORK DAYS,20150723,20150827,21
C16756,180,WORK DAYS,20150715,20161219,255
C20070,100,WORK DAYS,20150908,0,108
C19918,110,WORK DAYS,20150406,20151210,105
C20283,159,FIXED COMPLETION DATE,20150824,20160531,67
C20903,94,FIXED COMPLETION DATE,20150629,20151203,6
C18928,354,FIXED COMPLETION DATE,20150713,20160913,88
C19962,55,WORK DAYS,20150808,20160408,59
C20099,120,WORK DAYS,20150718,20161006,183
C20143,40,WORK DAYS,20150803,20160126,37
C20650R,60,WORK DAYS,20150922,20160503,49
C20472,20,WORK DAYS,20160404,20160718,15
C20172,125,CALENDAR DAYS,20150803,20160420,127
C20245S,20,CALENDAR DAYS,20150706,0,18
C20310,60,WORK DAYS,20151230,20160720,57
C20362S,20,WORK DAYS,20151006,20160802,32
C19884,157,FIXED COMPLETION DATE,20150701,20151204,6
C19916,123,WORK DAYS,20150716,20161129,120
C20281,231,FIXED COMPLETION DATE,20150515,20160320,40
C20332,30,WORK DAYS,20150827,20150924,18
C20516,106,WORK DAYS,20160418,20161215,173
C20580,15,WORK DAYS,20160620,20160722,11
C20582,146,WORK DAYS,20160613,0,73
C20625,15,WORK DAYS,20160718,20160819,15
C19954,35,WORK DAYS,20160304,20160715,4
C20253R,60,FIXED COMPLETION DATE,20160325,20161021,10
C19140R,75,WORK DAYS,20150510,20151223,82
C19163,95,WORK DAYS,20150615,20161209,108
C19984-COMBO,212,FIXED COMPLETION DATE,20150403,20160630,19
C20154,20,WORK DAYS,20150827,20150929,18
C19778,95,WORK DAYS,20161004,0,86
C20133,90,WORK DAYS,20160601,20161011,90
C20499,62,WORK DAYS,20160502,20170224,38
C20760,35,WORK DAYS,20160511,20161109,34
C19470,605,FIXED COMPLETION DATE,20150325,20170608,76
C19904R,20,WORK DAYS,20150601,20150624,17
C20225,130,WORK DAYS,20150511,20160920,129
C20231,68,WORK DAYS,20150317,20150615,40
C20497,30,WORK DAYS,20150510,20160404,35
C21132,37,FIXED COMPLETION DATE,20160907,20161013,6
C20515,55,WORK DAYS,20151118,20160205,39
C20560,159,FIXED COMPLETION DATE,20150824,20160415,53
C20652,10,WORK DAYS,20150504,20150722,6
C20700,30,WORK DAYS,20150914,20151215,29
C19705,135,WORK DAYS,20160504,0,152
C20467,60,WORK DAYS,20160921,0,119
C20565,60,WORK DAYS,20160502,20160902,60
C20655,75,WORK DAYS,20160507,20161104,76
C20752,75,WORK DAYS,20160429,20161118,71
C20778,60,WORK DAYS,20160420,20161201,96
C20846,115,WORK DAYS,20160517,20170601,80
C20061R,117,FIXED COMPLETION DATE,20160620,20161020,31
C19395,235,FIXED COMPLETION DATE,20160321,20161109,26
C20549,75,FIXED COMPLETION DATE,20160606,20161007,5
C19094,586,FIXED COMPLETION DATE,20160321,0,17
C19791R,96,FIXED COMPLETION DATE,20160815,20161018,26
C19653,361,FIXED COMPLETION DATE,20150921,20160915,12
C19657R,100,WORK DAYS,20150824,20160419,102
C19911,205,WORK DAYS,20150914,20160825,205
C20351,65,WORK DAYS,20151006,20160925,67
C20261,90,WORK DAYS,20160401,20161004,88
C20514,130,WORK DAYS,20160321,20161115,126
C20748,90,WORK DAYS,20160404,20161230,90
C20765,76,FIXED COMPLETION DATE,20160609,20160830,1
C20380,149,FIXED COMPLETION DATE,20151005,20160301,149
C19339-COMBO,380,WORK DAYS,20150522,0,17
C17136R-ALT,138,CALENDAR DAYS,20150706,20161118,142
C19869,315,WORK DAYS,20151130,0,134
C19498,60,WORK DAYS,20150608,20150928,59
C20733,87,FIXED COMPLETION DATE,20160706,20161015,21
C20860,70,WORK DAYS,20160720,20161117,69
C19930,595,FIXED COMPLETION DATE,20160516,0,8
C21056,55,WORK DAYS,20160620,20160919,54
C19674A,60,WORK DAYS,20160125,20160606,70
C20248R,165,FIXED COMPLETION DATE,20160301,20160916,5
C18266S,103,FIXED COMPLETION DATE,20160718,20161028,4
C19064,202,FIXED COMPLETION DATE,20160328,20161107,107
C20804,70,WORK DAYS,20160502,20160928,52
C20183,65,WORK DAYS,20160601,20161122,75
C20405,30,WORK DAYS,20160906,20161028,37
C21059,30,WORK DAYS,20160607,20160729,26
C21433,137,FIXED COMPLETION DATE,20160502,20160907,5
C19724,60,WORK DAYS,20160328,20170109,58
C20510,53,WORK DAYS,20150928,20160719,54
C19906,166,FIXED COMPLETION DATE,20160620,20170421,88
C19029,223,FIXED COMPLETION DATE,20150323,20160916,24
C19626,503,WORK DAYS,20160705,0,216
C20519,197,FIXED COMPLETION DATE,20160323,20161219,7
C19192,814,FIXED COMPLETION DATE,20160509,0,64
C21425,67,FIXED COMPLETION DATE,20160229,20160812,6
C17268,20,WORK DAYS,20150902,20151016,21
C19740R,50,WORK DAYS,20150901,20151218,47
C19762R,50,WORK DAYS,20150908,20151217,46
C17018,260,WORK DAYS,20150615,20170531,321
C17798,20,WORK DAYS,20150719,20151023,22
C19015,110,WORK DAYS,20150606,20160509,107
C20236,445,FIXED COMPLETION DATE,20150615,20161117,361
C20460,38,WORK DAYS,20150625,20161216,25
C20562,45,WORK DAYS,20150615,20150904,56
C20609,136,FIXED COMPLETION DATE,20150701,20160802,7
C20674,25,WORK DAYS,20150909,20151019,16
C20681,85,WORK DAYS,20160411,20161021,74
C18146,105,WORK DAYS,20160411,20160923,110
C19411,220,WORK DAYS,20160330,0,194
C20591,155,WORK DAYS,20160509,0,139
C20319,65,WORK DAYS,20150512,20150811,43
C20430,180,WORK DAYS,20150611,20161109,230
C18753,150,WORK DAYS,20150703,0,139
C19553R,170,CALENDAR DAYS,20150601,20151209,171
C19680,50,WORK DAYS,20150807,20151116,59
C19357-COMBO,513,FIXED COMPLETION DATE,20160228,0,14
C20501,125,WORK DAYS,20160606,20161117,83
C19425,98,WORK DAYS,20160601,20170203,116
C19497,91,WORK DAYS,20160502,0,87
C19682R,120,WORK DAYS,20160404,20161111,137
C19706,50,WORK DAYS,20160403,20160908,48
C18763R,492,FIXED COMPLETION DATE,20150528,20170131,21
C19108,230,WORK DAYS,20150713,20161010,18
C20365,70,WORK DAYS,20150605,20160310,93
C20487,80,WORK DAYS,20150602,20160223,91
C20777,40,WORK DAYS,20160801,20161202,43
C20791,65,WORK DAYS,20160727,20170113,62
C20815,61,CALENDAR DAYS,20160907,0,47
C19401,45,WORK DAYS,20170320,0,43
C20255-COMBO,180,WORK DAYS,20170227,0,73
C20345,125,WORK DAYS,20170130,0,76
C21198,131,FIXED COMPLETION DATE,20170320,0,2
C21496R,60,WORK DAYS,20161109,0,60
C20882,208,FIXED COMPLETION DATE,20170424,0,2
C17797,45,WORK DAYS,20160810,20161115,60
C19643,286,FIXED COMPLETION DATE,20160907,0,7
C20858,52,FIXED COMPLETION DATE,20170403,20170524,3
C20963R,174,FIXED COMPLETION DATE,20170206,0,3
C21462,40,WORK DAYS,20170206,20170418,42
C19656R,145,WORK DAYS,20170403,0,32
C20910,100,WORK DAYS,20170213,0,40
C21307,75,FIXED COMPLETION DATE,20170306,0,6
C20962,93,FIXED COMPLETION DATE,20170419,0,1
C20318,107,CALENDAR DAYS,20170403,0,49
C20404,68,WORK DAYS,20160906,20161130,62
C20783,69,WORK DAYS,20160711,20161220,68
C20794,75,WORK DAYS,20160725,0,107
C20929,100,WORK DAYS,20160727,20170103,69
C20547,546,FIXED COMPLETION DATE,20170505,0,1
C20841,214,FIXED COMPLETION DATE,20170501,0,2
C20836,60,WORK DAYS,20160620,20161108,54
C21145,25,WORK DAYS,20160630,20160808,22
C20987,35,WORK DAYS,20160906,20161104,38
C21325,431,CALENDAR DAYS,20160808,0,312
C21609,25,WORK DAYS,20161128,20170406,14
C20246,90,WORK DAYS,20160927,20161212,55
C21300,55,WORK DAYS,20160927,0,49
C20801,135,WORK DAYS,20170502,0,31
C17778R,541,FIXED COMPLETION DATE,20170308,0,5
C19085,190,WORK DAYS,20161009,0,126
C20323,331,FIXED COMPLETION DATE,20170105,0,2
C19723,50,WORK DAYS,20161024,0,22
C20063,45,CALENDAR DAYS,20161017,0,57
C20788R,95,WORK DAYS,20160922,0,98
C19668,450,WORK DAYS,20161028,0,77
C20182,100,WORK DAYS,20170417,0,12
C20645,30,WORK DAYS,20161010,20170223,23
C21005,60,WORK DAYS,20161107,20170403,49
C19185,280,WORK DAYS,20160913,0,170
C20363,41,FIXED COMPLETION DATE,20160822,20161007,4
C20997,50,WORK DAYS,20170426,0,20
C19134,471,FIXED COMPLETION DATE,20160809,0,21
C20559,215,FIXED COMPLETION DATE,20170417,0,8
C20656,38,WORK DAYS,20170530,0,10
C20703,115,WORK DAYS,20170327,0,53
C20575,290,WORK DAYS,20160912,0,169
C20774,195,FIXED COMPLETION DATE,20160818,20170421,20
C20779,77,WORK DAYS,20160831,20170110,59
C20850,75,WORK DAYS,20160906,0,29
C20732,35,WORK DAYS,20161117,0,39
C21443,46,WORK DAYS,20170105,0,43
C21323,136,FIXED COMPLETION DATE,20170315,0,1
C21326,382,CALENDAR DAYS,20170414,0,61
C20502,120,WORK DAYS,20170511,0,4
C20741,154,FIXED COMPLETION DATE,20170515,0,4
C20845,132,WORK DAYS,20170501,0,15
C20561,185,WORK DAYS,20170508,0,20
C20755,144,WORK DAYS,20170519,0,11
C20586,120,WORK DAYS,20170314,0,25
C20797R,100,WORK DAYS,20170417,0,40
C20911-ALT,225,FIXED COMPLETION DATE,20170303,0,67
C20461,90,WORK DAYS,20170522,0,12
C20781,50,WORK DAYS,20160707,20161118,66
C20899R,75,WORK DAYS,20170206,20170601,83
C20902,213,FIXED COMPLETION DATE,20170405,0,3
C20916,75,WORK DAYS,20170411,0,13
C21544,30,WORK DAYS,20160801,20160908,29
C20775,91,WORK DAYS,20160912,0,57
C21305R,45,WORK DAYS,20170424,0,34
C19548,80,WORK DAYS,20160912,0,76
C20406,33,FIXED COMPLETION DATE,20160913,20161031,2
C21310,90,WORK DAYS,20161005,20170524,115
C20456,86,WORK DAYS,20170403,0,48
C20757,181,FIXED COMPLETION DATE,20170419,0,5
C21626,30,WORK DAYS,20170508,0,10
C20610,149,FIXED COMPLETION DATE,20170606,0,2
C20953,48,WORK DAYS,20170319,0,39
C20969,85,WORK DAYS,20161130,0,30
C21304,130,WORK DAYS,20170213,0,72
C20807,120,WORK DAYS,20160926,0,60
C21382,193,FIXED COMPLETION DATE,20160920,20170504,140
C21255,120,WORK DAYS,20170428,0,10
C20059,139,WORK DAYS,20161107,0,62
C21035,90,WORK DAYS,20170612,0,5
C21389,20,WORK DAYS,20170503,0,11
C20771,210,WORK DAYS,20170117,0,54
C20776,155,WORK DAYS,20170117,0,25
C20817-ALT,200,WORK DAYS,20161205,0,114
